-- Generation time: Thu, 09 Apr 2020 14:40:35 +0000
-- Host: mysql.hostinger.ro
-- DB name: u574849695_20
/*!40030 SET NAMES UTF8 */;
/*!40101 SET @OLD_CHARACTER_SET_CLIENT=@@CHARACTER_SET_CLIENT */;
/*!40101 SET @OLD_CHARACTER_SET_RESULTS=@@CHARACTER_SET_RESULTS */;
/*!40101 SET @OLD_COLLATION_CONNECTION=@@COLLATION_CONNECTION */;
/*!40103 SET @OLD_TIME_ZONE=@@TIME_ZONE */;
/*!40103 SET TIME_ZONE='+00:00' */;
/*!40014 SET @OLD_UNIQUE_CHECKS=@@UNIQUE_CHECKS, UNIQUE_CHECKS=0 */;
/*!40014 SET @OLD_FOREIGN_KEY_CHECKS=@@FOREIGN_KEY_CHECKS, FOREIGN_KEY_CHECKS=0 */;
/*!40101 SET @OLD_SQL_MODE=@@SQL_MODE, SQL_MODE='NO_AUTO_VALUE_ON_ZERO' */;
/*!40111 SET @OLD_SQL_NOTES=@@SQL_NOTES, SQL_NOTES=0 */;

DROP TABLE IF EXISTS `communities`;
CREATE TABLE `communities` (
  `id` bigint(20) unsigned NOT NULL AUTO_INCREMENT,
  `name` varchar(150) COLLATE utf8_unicode_ci DEFAULT NULL,
  PRIMARY KEY (`id`),
  KEY `communities_name_idx` (`name`)
) ENGINE=InnoDB AUTO_INCREMENT=101 DEFAULT CHARSET=utf8 COLLATE=utf8_unicode_ci;

INSERT INTO `communities` VALUES ('30','accusantium'),
('85','ad'),
('69','adipisci'),
('37','aliquam'),
('20','animi'),
('25','aperiam'),
('60','aperiam'),
('51','at'),
('31','atque'),
('16','beatae'),
('54','consequatur'),
('63','consequatur'),
('79','consequatur'),
('19','cum'),
('49','dignissimos'),
('62','dolor'),
('39','dolorem'),
('81','dolorem'),
('88','dolores'),
('92','dolores'),
('2','doloribus'),
('50','eaque'),
('45','earum'),
('73','eius'),
('28','est'),
('38','et'),
('40','et'),
('68','et'),
('72','et'),
('87','eum'),
('5','eveniet'),
('18','fugiat'),
('55','harum'),
('91','harum'),
('7','hic'),
('15','id'),
('89','illo'),
('93','impedit'),
('11','in'),
('71','in'),
('12','incidunt'),
('26','incidunt'),
('98','inventore'),
('21','iste'),
('58','iusto'),
('84','laboriosam'),
('94','laboriosam'),
('53','laborum'),
('99','laborum'),
('78','magnam'),
('13','maxime'),
('82','molestiae'),
('66','natus'),
('9','nemo'),
('41','neque'),
('76','neque'),
('29','non'),
('100','non'),
('17','nostrum'),
('65','occaecati'),
('3','omnis'),
('47','omnis'),
('6','pariatur'),
('70','pariatur'),
('61','praesentium'),
('35','quaerat'),
('86','quaerat'),
('34','quam'),
('27','qui'),
('36','qui'),
('42','qui'),
('44','qui'),
('46','qui'),
('32','quia'),
('43','quia'),
('48','quia'),
('74','quia'),
('97','quia'),
('10','quibusdam'),
('90','quis'),
('83','quod'),
('56','quos'),
('59','recusandae'),
('96','reiciendis'),
('14','reprehenderit'),
('95','saepe'),
('52','sapiente'),
('1','sed'),
('23','sed'),
('57','sed'),
('80','similique'),
('33','sint'),
('67','sint'),
('22','sunt'),
('24','unde'),
('75','unde'),
('4','voluptas'),
('64','voluptate'),
('77','voluptatem'),
('8','voluptatibus'); 


DROP TABLE IF EXISTS `friend_requests`;
CREATE TABLE `friend_requests` (
  `initiator_user_id` bigint(20) unsigned NOT NULL,
  `target_user_id` bigint(20) unsigned NOT NULL,
  `status` enum('requested','approved','unfriended','declined') COLLATE utf8_unicode_ci DEFAULT NULL,
  `requested_at` datetime DEFAULT current_timestamp(),
  `confirmed_at` datetime DEFAULT NULL,
  PRIMARY KEY (`initiator_user_id`,`target_user_id`),
  KEY `initiator_user_id` (`initiator_user_id`),
  KEY `target_user_id` (`target_user_id`),
  CONSTRAINT `friend_requests_ibfk_1` FOREIGN KEY (`initiator_user_id`) REFERENCES `users` (`id`),
  CONSTRAINT `friend_requests_ibfk_2` FOREIGN KEY (`target_user_id`) REFERENCES `users` (`id`)
) ENGINE=InnoDB DEFAULT CHARSET=utf8 COLLATE=utf8_unicode_ci;

INSERT INTO `friend_requests` VALUES ('1','1','requested','1982-06-05 09:52:03','2001-07-15 03:50:12'),
('2','2','approved','2007-07-06 15:56:08','2016-12-26 11:34:39'),
('3','3','requested','1981-01-06 10:51:25','2016-03-03 16:57:20'),
('4','4','requested','1992-01-20 21:59:49','1989-12-18 01:59:28'),
('5','5','requested','2014-05-16 12:02:49','1982-02-01 02:47:26'),
('6','6','unfriended','1988-06-01 09:53:48','1977-09-19 10:44:36'),
('7','7','approved','2012-03-15 15:04:08','1994-05-03 17:39:02'),
('8','8','declined','2013-07-13 11:35:24','1999-11-14 17:48:14'),
('9','9','unfriended','2015-05-11 02:41:16','1977-01-13 19:02:20'),
('10','10','declined','1973-02-03 13:16:23','1997-06-25 00:29:34'),
('11','11','unfriended','1984-08-04 12:40:20','2002-03-10 10:55:25'),
('12','12','unfriended','2004-02-28 14:35:41','1972-08-26 04:05:52'),
('13','13','approved','1992-06-07 18:45:44','1984-07-21 18:57:59'),
('14','14','declined','2016-10-27 12:46:12','1996-10-11 22:33:46'),
('15','15','requested','2010-01-11 22:07:16','1970-06-06 07:15:04'),
('16','16','approved','2018-10-21 19:09:32','2011-04-02 10:56:46'),
('17','17','unfriended','1998-12-28 06:57:37','2004-06-16 13:51:00'),
('18','18','declined','2010-07-29 20:54:26','2006-11-10 06:52:34'),
('19','19','requested','1997-04-29 20:32:02','2004-04-08 02:12:27'),
('20','20','approved','2011-03-26 19:23:32','2019-04-26 12:18:19'),
('21','21','approved','1970-05-29 23:38:05','1999-02-08 16:21:40'),
('22','22','declined','1988-08-24 00:56:19','1993-06-11 10:57:27'),
('23','23','approved','1977-01-18 06:43:04','2008-12-12 05:10:48'),
('24','24','approved','1978-12-14 10:02:40','2005-10-14 01:46:09'),
('25','25','approved','2009-09-26 15:58:31','1992-05-26 19:05:16'),
('26','26','declined','1976-09-21 18:12:16','1999-03-10 11:05:04'),
('27','27','declined','2001-10-27 03:23:25','2001-05-09 23:39:03'),
('28','28','requested','1977-03-21 19:16:11','1991-08-07 04:44:47'),
('29','29','requested','1989-11-27 16:16:05','2013-03-31 17:46:16'),
('30','30','approved','1992-11-30 08:18:17','1989-07-29 15:56:02'),
('31','31','approved','1975-08-05 16:40:15','2002-10-11 09:46:55'),
('32','32','declined','2004-10-03 12:00:37','2010-09-08 07:06:17'),
('33','33','declined','2019-12-19 13:57:52','1989-07-20 18:37:01'),
('34','34','unfriended','2014-09-11 16:03:36','1978-08-25 18:48:31'),
('35','35','requested','1978-04-05 07:30:08','1989-12-04 14:39:33'),
('36','36','unfriended','1990-09-13 02:42:25','2004-11-28 10:32:31'),
('37','37','requested','1979-11-29 22:47:27','1993-08-30 18:24:47'),
('38','38','declined','1992-09-23 00:44:06','2007-06-22 05:01:03'),
('39','39','unfriended','1975-10-07 08:32:28','1987-12-08 04:40:16'),
('40','40','declined','2012-04-02 16:58:00','1995-10-17 06:02:47'),
('41','41','approved','2012-12-05 09:04:58','1982-07-14 11:09:20'),
('42','42','requested','1973-05-01 23:34:50','2005-09-02 21:53:38'),
('43','43','approved','2019-06-06 02:21:44','1998-04-21 12:15:32'),
('44','44','requested','2009-07-01 08:05:05','2004-12-30 16:13:35'),
('45','45','approved','1985-01-21 22:02:39','1993-08-13 12:23:41'),
('46','46','declined','1989-04-04 23:16:14','2001-12-16 19:55:58'),
('47','47','requested','2005-01-20 08:57:58','1997-08-08 11:40:41'),
('48','48','unfriended','2016-04-05 09:41:48','2007-03-31 10:29:50'),
('49','49','approved','1994-09-13 16:30:23','1977-12-16 19:23:07'),
('50','50','unfriended','1996-08-11 03:49:38','1989-11-06 01:10:51'),
('51','51','requested','1987-10-06 04:49:12','2014-11-10 14:27:45'),
('52','52','approved','1981-10-26 21:15:09','2016-11-18 12:16:27'),
('53','53','unfriended','2013-01-25 21:00:59','1982-07-28 12:09:57'),
('54','54','unfriended','2001-07-18 11:27:28','2015-10-09 09:32:49'),
('55','55','requested','1970-06-29 11:17:35','1997-01-20 06:11:01'),
('56','56','requested','1973-11-03 06:31:23','1977-06-01 07:18:08'),
('57','57','declined','1994-09-24 14:07:08','1993-06-28 05:11:39'),
('58','58','approved','2019-12-12 09:49:50','2006-03-01 10:47:41'),
('59','59','declined','1997-06-03 18:00:17','1994-02-16 04:06:16'),
('60','60','declined','2017-03-10 03:02:40','1976-06-06 00:39:00'),
('61','61','unfriended','2011-05-05 17:26:02','1994-10-26 17:39:20'),
('62','62','approved','2003-03-12 11:02:32','1991-08-08 01:43:18'),
('63','63','declined','1972-05-06 04:52:46','1972-04-01 06:00:37'),
('64','64','requested','2003-11-14 20:58:13','1995-02-11 18:14:00'),
('65','65','requested','1974-10-31 17:00:45','2015-01-12 18:06:06'),
('66','66','declined','2009-04-05 00:39:07','1986-04-13 03:26:31'),
('67','67','unfriended','2005-08-13 07:34:19','1980-10-08 09:29:45'),
('68','68','requested','2018-06-30 08:43:00','2011-12-18 18:11:58'),
('69','69','requested','2007-05-02 13:16:46','2014-04-07 00:11:02'),
('70','70','approved','2017-05-31 20:10:53','2016-06-29 06:30:09'),
('71','71','declined','1983-09-01 13:46:55','1984-08-29 05:28:00'),
('72','72','requested','2002-11-26 01:23:58','2008-04-25 05:26:15'),
('73','73','unfriended','2002-04-17 20:33:01','2019-08-23 10:02:21'),
('74','74','declined','1977-11-26 15:41:23','1991-02-02 12:57:17'),
('75','75','unfriended','2011-01-30 22:02:06','1994-08-24 12:32:34'),
('76','76','declined','1994-06-30 20:09:57','1983-06-16 10:39:24'),
('77','77','approved','1971-01-21 19:28:01','2000-09-12 14:44:42'),
('78','78','unfriended','1994-01-23 08:20:46','1980-05-10 21:43:10'),
('79','79','approved','1992-12-06 13:15:33','2009-05-15 07:57:37'),
('80','80','unfriended','2014-04-11 09:22:43','1985-08-01 19:37:27'),
('81','81','unfriended','1971-09-24 23:59:36','2014-11-19 17:38:45'),
('82','82','approved','1978-02-02 07:59:11','1974-06-29 08:00:15'),
('83','83','declined','1993-03-16 10:06:33','1979-06-26 11:32:41'),
('84','84','unfriended','2003-04-10 00:57:09','1978-03-10 19:15:34'),
('85','85','requested','2006-12-20 18:57:06','1982-09-13 17:29:02'),
('86','86','declined','1983-08-25 14:57:56','1989-10-21 03:09:08'),
('87','87','declined','1972-10-29 05:37:40','1993-01-10 07:10:39'),
('88','88','approved','1981-05-25 04:53:45','1972-11-06 17:02:32'),
('89','89','requested','2018-03-25 16:38:10','1970-03-13 16:12:14'),
('90','90','unfriended','1986-10-28 10:15:22','2012-08-05 10:58:47'),
('91','91','declined','1998-06-10 05:23:39','2001-06-28 19:17:26'),
('92','92','requested','1972-01-30 22:48:30','2016-07-18 08:12:10'),
('93','93','declined','2018-03-22 20:21:17','1993-05-31 14:51:14'),
('94','94','approved','2007-07-27 01:48:34','1988-09-06 00:07:28'),
('95','95','requested','1973-08-28 16:40:56','1986-12-14 12:55:28'),
('96','96','unfriended','2014-08-02 18:17:26','1973-06-03 21:59:00'),
('97','97','requested','1988-09-24 13:58:30','1990-09-12 07:50:19'),
('98','98','unfriended','2019-02-26 02:17:38','1984-05-29 10:41:24'),
('99','99','unfriended','2007-11-15 03:07:50','2011-03-08 13:46:28'),
('100','100','requested','1982-08-01 22:07:19','1983-06-30 15:39:12'); 


DROP TABLE IF EXISTS `likes_media`;
CREATE TABLE `likes_media` (
  `id` bigint(20) unsigned NOT NULL AUTO_INCREMENT,
  `user_id` bigint(20) unsigned NOT NULL,
  `media_id` bigint(20) unsigned NOT NULL,
  `created_at` datetime DEFAULT current_timestamp(),
  PRIMARY KEY (`id`),
  KEY `user_id` (`user_id`),
  KEY `media_id` (`media_id`),
  CONSTRAINT `likes_media_ibfk_1` FOREIGN KEY (`user_id`) REFERENCES `users` (`id`),
  CONSTRAINT `likes_media_ibfk_2` FOREIGN KEY (`media_id`) REFERENCES `media` (`id`)
) ENGINE=InnoDB AUTO_INCREMENT=101 DEFAULT CHARSET=utf8 COLLATE=utf8_unicode_ci;

INSERT INTO `likes_media` VALUES ('1','1','1','1974-03-12 16:15:21'),
('2','2','2','1970-03-19 08:41:17'),
('3','3','3','2011-10-18 21:35:48'),
('4','4','4','2013-05-01 21:36:41'),
('5','5','5','1994-05-23 23:27:06'),
('6','6','6','2018-01-19 06:38:26'),
('7','7','7','1976-02-04 22:29:15'),
('8','8','8','2010-10-04 22:09:40'),
('9','9','9','2014-09-26 04:24:02'),
('10','10','10','1980-12-03 17:51:17'),
('11','11','11','2011-06-16 03:06:49'),
('12','12','12','2015-05-14 16:08:47'),
('13','13','13','2008-05-05 01:36:21'),
('14','14','14','2010-07-05 00:06:14'),
('15','15','15','2004-01-02 01:39:39'),
('16','16','16','1979-07-01 08:07:46'),
('17','17','17','2010-11-07 18:58:43'),
('18','18','18','1977-12-07 03:43:25'),
('19','19','19','2015-02-26 02:26:06'),
('20','20','20','2009-01-31 15:28:08'),
('21','21','21','1982-02-04 16:53:15'),
('22','22','22','1975-12-20 15:56:05'),
('23','23','23','1984-08-22 17:15:28'),
('24','24','24','1988-01-29 21:50:26'),
('25','25','25','2006-03-24 13:17:11'),
('26','26','26','2011-03-17 03:37:44'),
('27','27','27','2011-04-05 18:02:10'),
('28','28','28','1994-03-03 22:31:20'),
('29','29','29','1984-11-21 22:04:55'),
('30','30','30','2017-01-18 17:35:18'),
('31','31','31','1972-05-31 12:34:25'),
('32','32','32','2009-11-23 10:34:04'),
('33','33','33','1995-12-28 12:09:20'),
('34','34','34','2018-03-03 21:04:47'),
('35','35','35','1972-12-06 00:09:46'),
('36','36','36','2010-06-09 09:18:40'),
('37','37','37','1986-07-13 15:32:43'),
('38','38','38','2019-08-21 15:28:24'),
('39','39','39','2004-04-18 02:31:17'),
('40','40','40','1975-08-09 09:20:33'),
('41','41','41','1998-01-07 11:35:15'),
('42','42','42','2008-12-22 19:42:52'),
('43','43','43','2008-09-17 09:56:01'),
('44','44','44','1994-05-07 05:47:00'),
('45','45','45','1975-12-31 06:21:12'),
('46','46','46','1994-10-10 16:43:58'),
('47','47','47','1982-10-23 17:41:35'),
('48','48','48','1996-08-25 18:28:32'),
('49','49','49','2013-11-12 18:09:47'),
('50','50','50','2005-12-11 14:56:34'),
('51','51','51','2013-01-07 06:24:27'),
('52','52','52','2000-04-08 03:56:01'),
('53','53','53','1978-10-02 19:23:50'),
('54','54','54','2007-08-27 11:20:53'),
('55','55','55','1984-04-16 03:09:56'),
('56','56','56','2010-01-22 06:48:42'),
('57','57','57','2013-08-17 03:39:31'),
('58','58','58','2019-01-02 05:44:02'),
('59','59','59','1986-10-27 04:32:16'),
('60','60','60','2018-08-29 22:29:40'),
('61','61','61','1983-03-03 06:20:38'),
('62','62','62','1978-11-22 13:14:02'),
('63','63','63','1990-08-21 11:43:10'),
('64','64','64','2000-01-22 00:11:25'),
('65','65','65','1979-06-22 05:15:32'),
('66','66','66','1984-12-15 17:24:14'),
('67','67','67','2020-01-24 19:53:51'),
('68','68','68','1988-06-08 07:19:40'),
('69','69','69','1987-01-04 19:30:48'),
('70','70','70','1986-05-10 07:21:12'),
('71','71','71','1979-05-25 03:17:12'),
('72','72','72','1998-08-20 22:25:16'),
('73','73','73','2012-08-11 05:49:09'),
('74','74','74','1973-08-24 16:51:58'),
('75','75','75','1998-03-07 15:56:21'),
('76','76','76','1996-04-25 07:23:16'),
('77','77','77','1982-04-12 10:56:57'),
('78','78','78','1975-02-10 20:48:12'),
('79','79','79','1996-11-12 16:07:25'),
('80','80','80','2008-09-22 23:52:37'),
('81','81','81','1992-12-31 00:14:47'),
('82','82','82','2006-10-20 04:40:51'),
('83','83','83','1995-12-17 06:56:56'),
('84','84','84','1999-06-28 04:12:08'),
('85','85','85','2008-01-29 05:32:58'),
('86','86','86','2006-10-12 15:40:21'),
('87','87','87','1977-09-28 16:40:28'),
('88','88','88','2005-08-24 03:57:48'),
('89','89','89','1973-07-30 12:53:53'),
('90','90','90','1977-07-20 01:50:23'),
('91','91','91','1978-12-24 03:03:45'),
('92','92','92','2013-06-02 21:42:01'),
('93','93','93','1995-08-24 03:09:13'),
('94','94','94','1972-12-10 19:11:29'),
('95','95','95','2014-11-19 12:47:16'),
('96','96','96','1973-10-23 22:42:30'),
('97','97','97','1988-10-04 22:18:00'),
('98','98','98','1973-01-05 07:39:53'),
('99','99','99','2012-10-21 03:15:14'),
('100','100','100','1979-05-28 02:46:54'); 


DROP TABLE IF EXISTS `likes_posts`;
CREATE TABLE `likes_posts` (
  `id` bigint(20) unsigned NOT NULL AUTO_INCREMENT,
  `user_id` bigint(20) unsigned NOT NULL,
  `post_id` bigint(20) unsigned NOT NULL,
  `created_at` datetime DEFAULT current_timestamp(),
  PRIMARY KEY (`id`),
  KEY `user_id` (`user_id`),
  KEY `post_id` (`post_id`),
  CONSTRAINT `likes_posts_ibfk_1` FOREIGN KEY (`user_id`) REFERENCES `users` (`id`),
  CONSTRAINT `likes_posts_ibfk_2` FOREIGN KEY (`post_id`) REFERENCES `posts` (`id`)
) ENGINE=InnoDB AUTO_INCREMENT=101 DEFAULT CHARSET=utf8 COLLATE=utf8_unicode_ci;

INSERT INTO `likes_posts` VALUES ('1','1','1','2010-01-07 22:53:25'),
('2','2','2','2003-04-28 10:38:37'),
('3','3','3','1979-12-08 07:40:45'),
('4','4','4','1979-12-27 00:56:19'),
('5','5','5','1970-07-22 23:19:36'),
('6','6','6','1990-08-19 19:50:33'),
('7','7','7','2014-10-10 04:10:49'),
('8','8','8','1977-12-14 16:57:14'),
('9','9','9','1984-09-12 08:59:17'),
('10','10','10','1977-04-02 06:43:09'),
('11','11','11','2015-07-24 00:59:15'),
('12','12','12','1982-07-09 08:35:51'),
('13','13','13','1988-08-23 17:07:40'),
('14','14','14','1976-02-07 02:47:29'),
('15','15','15','1994-02-27 05:13:31'),
('16','16','16','2003-12-12 15:30:55'),
('17','17','17','1997-02-19 11:37:46'),
('18','18','18','1971-01-31 19:04:35'),
('19','19','19','1984-03-24 21:24:25'),
('20','20','20','1996-10-11 00:38:32'),
('21','21','21','1971-09-20 08:10:04'),
('22','22','22','1972-07-28 22:42:47'),
('23','23','23','2004-10-10 11:17:11'),
('24','24','24','1970-02-14 03:01:44'),
('25','25','25','1990-09-14 21:58:21'),
('26','26','26','2018-05-05 20:34:13'),
('27','27','27','2006-05-27 09:14:06'),
('28','28','28','2013-07-21 21:45:39'),
('29','29','29','2007-02-09 22:31:17'),
('30','30','30','1973-05-22 15:02:55'),
('31','31','31','1971-05-02 04:21:02'),
('32','32','32','1994-05-28 02:31:16'),
('33','33','33','1992-03-25 06:02:06'),
('34','34','34','1975-05-21 08:39:39'),
('35','35','35','1994-02-23 00:55:13'),
('36','36','36','1970-03-04 11:49:45'),
('37','37','37','2007-12-04 23:58:32'),
('38','38','38','1993-05-16 16:20:06'),
('39','39','39','1995-11-14 22:00:24'),
('40','40','40','1999-12-28 10:30:18'),
('41','41','41','2004-02-16 02:55:08'),
('42','42','42','1993-11-18 11:02:04'),
('43','43','43','2019-03-04 02:28:32'),
('44','44','44','1998-01-06 17:55:16'),
('45','45','45','2016-05-17 09:28:27'),
('46','46','46','2018-07-10 16:53:22'),
('47','47','47','2011-01-20 04:36:22'),
('48','48','48','1980-04-22 19:41:07'),
('49','49','49','1989-02-15 03:03:33'),
('50','50','50','1988-08-18 17:53:19'),
('51','51','51','1998-01-10 16:19:29'),
('52','52','52','2014-12-26 20:38:42'),
('53','53','53','2007-05-19 07:43:48'),
('54','54','54','1980-04-09 00:48:48'),
('55','55','55','2006-11-15 11:37:08'),
('56','56','56','1980-10-17 09:50:17'),
('57','57','57','1988-11-28 10:58:53'),
('58','58','58','1970-09-18 02:23:08'),
('59','59','59','1976-09-28 00:14:02'),
('60','60','60','1991-04-30 07:45:45'),
('61','61','61','1972-04-10 01:19:46'),
('62','62','62','1984-02-05 13:48:29'),
('63','63','63','2014-09-17 19:41:20'),
('64','64','64','2000-08-20 01:56:08'),
('65','65','65','2007-11-24 19:11:52'),
('66','66','66','1970-12-30 18:57:20'),
('67','67','67','1979-10-08 03:51:57'),
('68','68','68','1984-10-08 13:01:21'),
('69','69','69','2000-12-10 11:33:44'),
('70','70','70','2008-02-26 21:33:14'),
('71','71','71','1985-05-01 20:48:16'),
('72','72','72','1983-02-09 20:43:40'),
('73','73','73','2003-06-24 20:41:21'),
('74','74','74','1992-11-21 14:46:13'),
('75','75','75','1989-01-06 22:40:18'),
('76','76','76','1974-10-23 02:00:54'),
('77','77','77','2018-11-12 16:26:36'),
('78','78','78','1993-01-22 11:35:07'),
('79','79','79','2019-09-02 14:22:26'),
('80','80','80','2001-06-07 13:44:42'),
('81','81','81','2014-09-13 18:21:33'),
('82','82','82','2016-10-27 06:34:11'),
('83','83','83','1975-10-08 08:16:06'),
('84','84','84','1987-01-17 12:49:59'),
('85','85','85','1994-11-28 23:03:09'),
('86','86','86','2000-12-09 19:43:03'),
('87','87','87','1991-08-27 10:14:19'),
('88','88','88','2009-04-19 10:04:41'),
('89','89','89','1980-07-23 07:34:43'),
('90','90','90','1973-01-11 15:14:52'),
('91','91','91','1987-10-21 04:38:41'),
('92','92','92','2006-06-18 15:41:19'),
('93','93','93','1995-10-18 14:53:24'),
('94','94','94','1981-11-30 08:46:59'),
('95','95','95','1998-03-25 08:21:44'),
('96','96','96','2016-11-26 18:37:13'),
('97','97','97','1983-01-21 03:21:32'),
('98','98','98','1998-04-28 02:21:41'),
('99','99','99','2008-01-30 03:25:56'),
('100','100','100','2015-04-24 13:10:13'); 


DROP TABLE IF EXISTS `likes_users`;
CREATE TABLE `likes_users` (
  `id` bigint(20) unsigned NOT NULL AUTO_INCREMENT,
  `initiator_user_id` bigint(20) unsigned NOT NULL,
  `target_user_id` bigint(20) unsigned NOT NULL,
  `created_at` datetime DEFAULT current_timestamp(),
  PRIMARY KEY (`id`),
  KEY `initiator_user_id` (`initiator_user_id`),
  KEY `target_user_id` (`target_user_id`),
  CONSTRAINT `likes_users_ibfk_1` FOREIGN KEY (`initiator_user_id`) REFERENCES `users` (`id`),
  CONSTRAINT `likes_users_ibfk_2` FOREIGN KEY (`target_user_id`) REFERENCES `users` (`id`)
) ENGINE=InnoDB AUTO_INCREMENT=101 DEFAULT CHARSET=utf8 COLLATE=utf8_unicode_ci;

INSERT INTO `likes_users` VALUES ('1','1','1','1985-05-21 01:43:20'),
('2','2','2','1991-07-06 13:24:15'),
('3','3','3','2018-04-06 15:21:28'),
('4','4','4','2011-07-17 08:08:53'),
('5','5','5','1973-02-11 16:45:55'),
('6','6','6','1995-06-23 19:20:29'),
('7','7','7','1999-02-10 22:51:37'),
('8','8','8','2003-01-28 00:57:02'),
('9','9','9','2009-06-17 20:57:19'),
('10','10','10','1989-06-30 00:54:49'),
('11','11','11','1978-06-17 12:58:27'),
('12','12','12','2008-08-23 14:00:14'),
('13','13','13','2011-02-03 15:34:47'),
('14','14','14','2017-01-30 05:30:18'),
('15','15','15','2012-06-10 23:05:42'),
('16','16','16','2003-09-14 09:46:29'),
('17','17','17','1986-07-31 07:27:49'),
('18','18','18','2005-12-07 15:54:15'),
('19','19','19','1976-09-12 21:09:14'),
('20','20','20','2011-05-22 03:52:07'),
('21','21','21','1985-08-06 09:00:31'),
('22','22','22','2016-08-21 17:40:30'),
('23','23','23','2002-01-20 17:16:02'),
('24','24','24','2001-11-26 23:59:44'),
('25','25','25','1983-03-14 14:14:23'),
('26','26','26','1998-06-29 23:36:22'),
('27','27','27','2014-01-26 12:07:13'),
('28','28','28','1992-04-15 05:23:58'),
('29','29','29','2013-10-21 11:51:55'),
('30','30','30','2006-04-10 22:20:35'),
('31','31','31','1989-12-20 01:51:17'),
('32','32','32','2010-10-10 20:53:28'),
('33','33','33','2016-01-24 07:29:36'),
('34','34','34','1991-12-13 09:23:07'),
('35','35','35','2001-04-21 15:34:55'),
('36','36','36','1975-06-19 20:06:06'),
('37','37','37','1981-01-06 17:40:34'),
('38','38','38','2014-05-21 05:24:50'),
('39','39','39','2005-09-29 04:19:51'),
('40','40','40','2014-10-25 12:54:26'),
('41','41','41','1976-04-13 18:21:52'),
('42','42','42','1979-01-13 19:02:06'),
('43','43','43','1980-09-02 09:17:23'),
('44','44','44','1980-03-17 19:27:46'),
('45','45','45','2002-07-14 13:49:17'),
('46','46','46','2001-09-21 22:22:15'),
('47','47','47','1996-01-07 05:37:44'),
('48','48','48','2012-01-02 10:24:52'),
('49','49','49','2007-05-19 20:23:39'),
('50','50','50','1991-01-28 15:46:33'),
('51','51','51','2008-04-15 17:10:08'),
('52','52','52','2008-09-04 12:40:38'),
('53','53','53','1982-03-29 16:28:11'),
('54','54','54','2013-04-23 15:34:33'),
('55','55','55','1977-03-16 03:57:29'),
('56','56','56','1970-05-02 01:23:01'),
('57','57','57','2007-08-30 06:00:26'),
('58','58','58','2001-08-25 05:00:42'),
('59','59','59','2012-04-26 04:51:36'),
('60','60','60','1984-03-29 14:43:55'),
('61','61','61','2009-04-18 07:53:22'),
('62','62','62','1995-05-15 03:40:53'),
('63','63','63','1982-01-25 14:47:08'),
('64','64','64','1989-06-18 17:27:04'),
('65','65','65','2011-11-28 08:00:56'),
('66','66','66','1996-03-12 18:47:49'),
('67','67','67','2003-07-11 03:02:12'),
('68','68','68','1987-07-30 20:09:41'),
('69','69','69','2001-04-18 23:02:36'),
('70','70','70','2003-06-14 15:19:34'),
('71','71','71','1970-12-03 11:41:42'),
('72','72','72','2012-11-15 09:30:45'),
('73','73','73','1986-08-01 13:27:50'),
('74','74','74','1993-04-11 21:45:31'),
('75','75','75','1998-10-13 15:27:52'),
('76','76','76','1970-07-20 08:17:14'),
('77','77','77','1980-01-07 15:01:55'),
('78','78','78','2018-12-14 11:53:24'),
('79','79','79','2007-02-11 22:43:11'),
('80','80','80','2003-03-07 16:06:10'),
('81','81','81','2006-12-28 08:57:57'),
('82','82','82','2003-11-06 14:52:04'),
('83','83','83','2006-01-26 20:06:18'),
('84','84','84','1974-07-14 14:10:43'),
('85','85','85','2019-05-30 10:25:27'),
('86','86','86','2017-06-27 00:57:00'),
('87','87','87','1976-05-02 17:58:39'),
('88','88','88','1982-07-03 12:10:12'),
('89','89','89','1993-02-13 05:17:13'),
('90','90','90','2015-10-26 10:12:01'),
('91','91','91','2014-05-07 11:33:47'),
('92','92','92','1996-02-18 13:15:08'),
('93','93','93','1983-11-26 18:26:44'),
('94','94','94','2005-12-28 05:28:30'),
('95','95','95','2012-06-13 06:40:37'),
('96','96','96','1991-03-24 03:03:20'),
('97','97','97','2005-05-19 03:22:39'),
('98','98','98','1985-08-15 18:49:30'),
('99','99','99','1972-03-02 21:59:54'),
('100','100','100','1983-06-22 17:14:45'); 


DROP TABLE IF EXISTS `media`;
CREATE TABLE `media` (
  `id` bigint(20) unsigned NOT NULL AUTO_INCREMENT,
  `media_type_id` bigint(20) unsigned NOT NULL,
  `user_id` bigint(20) unsigned NOT NULL,
  `body` text COLLATE utf8_unicode_ci DEFAULT NULL,
  `filename` varchar(255) COLLATE utf8_unicode_ci DEFAULT NULL,
  `size` int(11) DEFAULT NULL,
  `metadata` longtext CHARACTER SET utf8mb4 COLLATE utf8mb4_bin DEFAULT NULL,
  `created_at` datetime DEFAULT current_timestamp(),
  `updated_at` datetime DEFAULT current_timestamp() ON UPDATE current_timestamp(),
  PRIMARY KEY (`id`),
  KEY `user_id` (`user_id`),
  KEY `media_type_id` (`media_type_id`),
  CONSTRAINT `media_ibfk_1` FOREIGN KEY (`user_id`) REFERENCES `users` (`id`),
  CONSTRAINT `media_ibfk_2` FOREIGN KEY (`media_type_id`) REFERENCES `media_types` (`id`)
) ENGINE=InnoDB AUTO_INCREMENT=101 DEFAULT CHARSET=utf8 COLLATE=utf8_unicode_ci;

INSERT INTO `media` VALUES ('1','1','1','Autem unde voluptate harum non fugiat. Delectus illum corporis dolore non molestias quaerat quia. Perferendis fugiat est dignissimos sit velit officia. Eligendi et dicta dolor similique est.','enim','347',NULL,'2014-04-04 17:33:31','2018-04-30 12:43:15'),
('2','2','2','Saepe labore qui tenetur voluptas et asperiores. Nam distinctio et repellat consectetur commodi cumque. Quibusdam vel unde blanditiis et totam. Qui sapiente illum repudiandae ex. Accusamus est molestiae eum.','quo','7',NULL,'1977-04-29 17:14:59','1980-04-11 22:51:07'),
('3','3','3','Ullam aut quibusdam voluptatem numquam. Sunt debitis eos explicabo iste sint ut nesciunt. Hic placeat id qui iure rerum. Sed sapiente est non amet quia.','qui','8243668',NULL,'1971-08-24 21:22:02','1970-08-05 02:35:08'),
('4','4','4','Qui esse necessitatibus enim qui recusandae. Maiores omnis impedit eveniet cumque est. Aut praesentium in laudantium qui atque enim aut ut. Alias eum esse explicabo architecto enim.','eum','933567089',NULL,'1979-05-15 04:42:26','2002-09-16 00:23:12'),
('5','5','5','Dolores aut et repudiandae optio. Ipsa dolore excepturi consectetur officiis. Quia consequatur dicta odit minus tempore nobis animi. Fuga eos dignissimos sunt.','vero','0',NULL,'1996-03-13 20:47:07','1996-02-14 04:06:51'),
('6','6','6','Quae est nobis ipsam recusandae iure sed qui. Ea eos et nihil accusamus et. Repudiandae officiis commodi dolor neque odit sit dolor.','a','26133',NULL,'1993-02-17 08:52:38','1989-12-07 01:40:41'),
('7','7','7','Ut sit quia praesentium et. Eum explicabo asperiores quos amet sed maxime eum. Ad non deleniti sit autem.','unde','783',NULL,'1976-12-30 20:32:52','1975-07-29 02:39:35'),
('8','8','8','Rem consequatur sit enim id. Error tempora quo sapiente esse nemo totam quod. Ipsam enim nostrum voluptates inventore.','et','13',NULL,'2010-03-04 01:28:17','1979-01-26 16:17:52'),
('9','9','9','Delectus et quaerat qui quia minima et. Architecto dolorem nihil qui non ut illo.','cum','81',NULL,'1973-06-27 14:18:58','1977-03-06 07:07:09'),
('10','10','10','Sint omnis quae blanditiis quo. Et consequuntur rerum eum consequatur consequuntur porro. Odit at aspernatur est maiores dolorem voluptas et.','architecto','113',NULL,'2012-07-27 19:16:00','1984-08-07 07:59:03'),
('11','11','11','Et deleniti ut voluptate ipsam quas. Et dolor esse dolorum libero. Est aliquid sequi ut similique rerum eaque nobis perferendis. Nemo quos accusamus aut ut modi eum atque.','ea','965910806',NULL,'2016-04-11 02:41:13','2001-05-07 06:06:09'),
('12','12','12','Sint totam quaerat blanditiis magnam dolor quo molestiae. Delectus et voluptates ex error.','esse','68',NULL,'1978-11-30 01:58:47','1971-12-21 15:19:55'),
('13','13','13','Est illo voluptatem ipsa cumque necessitatibus adipisci sint. Qui officiis doloribus temporibus voluptatem velit qui. Rerum sed cupiditate ut beatae quis. Blanditiis beatae illo voluptatibus illum eveniet omnis.','hic','34084',NULL,'2014-10-26 10:30:33','2007-05-18 09:46:05'),
('14','14','14','Aspernatur totam qui nihil repellat voluptatum. Quia consequatur perspiciatis mollitia error voluptas. Ut nam itaque ab omnis. Quo tenetur possimus et sit autem sit vitae.','neque','312053',NULL,'1970-03-22 18:18:31','1984-03-06 15:33:42'),
('15','15','15','Alias quaerat accusantium sequi eligendi. Placeat maiores eos aut ducimus non ipsum vero nostrum.','distinctio','4',NULL,'1998-01-06 04:09:56','1986-08-02 07:04:56'),
('16','16','16','Aliquam saepe et expedita cum sapiente. Quis totam dolorem architecto vitae eos. Reprehenderit qui voluptas nulla eaque ex sed odio quia. Quia ipsam odio fuga qui eos aperiam quo in.','fuga','563290',NULL,'1998-09-08 04:23:40','2006-10-22 11:52:47'),
('17','17','17','Velit debitis consequatur rem et placeat omnis iste. Deserunt ut alias nam ex soluta ullam. Ea voluptas unde sunt debitis. Aut aliquam harum hic possimus qui.','sit','2171',NULL,'2013-02-04 15:25:56','1992-02-26 16:13:21'),
('18','18','18','Quas provident amet asperiores neque velit a. Rerum aut non aperiam recusandae animi et non. Cumque dolor minima fugit accusamus et eum. Consequuntur quisquam non non hic qui distinctio molestias.','incidunt','28553',NULL,'1972-09-15 01:45:59','1997-07-30 03:12:27'),
('19','19','19','Maiores totam commodi veniam et pariatur suscipit ratione. Officiis harum et modi excepturi. Non fugit id voluptatem voluptas reprehenderit aut voluptas quod.','non','356756113',NULL,'1994-06-12 04:45:04','1988-01-13 19:44:51'),
('20','20','20','Expedita culpa quibusdam aliquid dolorem. Laborum aperiam quaerat ut unde dolore. Tempora velit voluptas qui numquam.','atque','945961887',NULL,'1974-02-07 12:57:25','1972-02-20 09:53:30'),
('21','21','21','Similique officiis est sunt quos. Voluptas nostrum incidunt optio ut. Sed unde voluptate quos et excepturi id. Sed pariatur eos sunt voluptates. Ipsa iure cumque est qui rerum.','est','2626529',NULL,'1987-02-20 14:15:23','2018-08-28 20:29:11'),
('22','22','22','Eum vel tenetur placeat quisquam quia quisquam. Consequatur numquam id debitis magnam error officia. Voluptatem doloremque voluptas numquam aperiam asperiores voluptatum error.','qui','880',NULL,'2004-10-12 08:10:44','1973-03-20 10:09:23'),
('23','23','23','Consequatur cumque sed velit suscipit aut sint. Magni voluptate voluptate molestiae quia quis labore odit. Quisquam et qui rerum corporis rerum doloremque.','a','4200',NULL,'1996-07-03 13:37:00','1983-07-08 08:10:35'),
('24','24','24','Ad natus atque dolorem quis. Harum sint rerum inventore. Praesentium est ratione dolor. Similique modi voluptatem ut et suscipit est sed.','voluptatem','481794470',NULL,'1988-03-08 06:45:18','2008-08-04 16:40:32'),
('25','25','25','Sunt cumque nam hic ullam rem in architecto cumque. Possimus voluptas molestiae voluptates dolorem. Impedit rerum ut similique voluptatem eveniet dolor nesciunt.','error','95603',NULL,'1990-08-12 08:47:19','1977-03-20 20:48:04'),
('26','26','26','Accusamus aut ut fugiat accusamus. Consequatur voluptates qui iure accusantium exercitationem similique doloremque. Qui dolorem officiis excepturi.','rerum','93397',NULL,'1978-10-26 08:15:57','1974-08-27 04:20:22'),
('27','27','27','Distinctio sunt officia aut aspernatur rem. Sit ut minus eius qui. Dolor qui fuga cupiditate.','cum','38',NULL,'1990-10-11 19:13:16','1993-01-21 13:38:36'),
('28','28','28','Voluptate officia aut atque ullam vel neque. Qui accusantium veritatis cum nihil ipsam eveniet. Est qui et enim voluptatem deserunt quaerat dolorem. Delectus aut laboriosam repudiandae debitis.','aut','1',NULL,'2013-06-12 00:19:09','1982-10-12 14:23:32'),
('29','29','29','Labore ut similique error quo sint voluptatibus et. Porro et consequuntur est illum aliquam ea rerum. Ea qui mollitia voluptatum non magnam nesciunt.','harum','3292045',NULL,'2009-04-24 04:40:49','1975-06-28 13:17:33'),
('30','30','30','Aperiam in magni facere vel. Corrupti voluptatum esse error ullam quia aut. Eveniet ad odio rerum voluptatem facere vel necessitatibus perferendis.','occaecati','9',NULL,'2015-05-23 19:30:00','2010-11-10 04:30:58'),
('31','31','31','Eaque commodi totam consequuntur voluptatem. Quisquam et voluptas et reiciendis exercitationem ad rem. Aliquid eligendi a atque adipisci. Qui quidem itaque fuga molestiae odit iure corrupti.','et','1136800',NULL,'2005-08-31 14:32:33','1975-02-19 01:41:35'),
('32','32','32','Iste debitis culpa maxime ullam. Ex dolorem repellendus aut voluptas id et omnis modi. Qui perferendis rerum sit sint. Et quibusdam veniam voluptatum natus. Molestias ad nihil nemo reiciendis voluptatibus.','veritatis','33',NULL,'2001-02-10 18:57:55','2015-11-24 02:20:33'),
('33','33','33','Temporibus facere cupiditate assumenda pariatur dolore quae consectetur. Et aut ullam a placeat. Ut hic non natus exercitationem ipsum sint sed. Est mollitia exercitationem est necessitatibus asperiores et in.','et','0',NULL,'1982-02-25 11:19:50','2000-10-03 13:08:07'),
('34','34','34','Quia perspiciatis quos aut eos molestiae tempora id. Nemo fuga laboriosam est. Minima non tenetur accusamus ut ut voluptas quia voluptas. Ea harum corrupti laudantium ratione ut qui.','vel','47611129',NULL,'2003-11-18 04:10:13','2010-07-17 15:13:39'),
('35','35','35','Dolorum ad quisquam voluptate et. Quia odit est ipsa illo modi quia nam. Dolorem suscipit ut voluptatem corrupti at molestiae harum. Ipsum adipisci accusamus tempore voluptatem non quis aliquam recusandae.','voluptatem','599364',NULL,'1994-11-26 12:39:23','1987-08-07 23:44:42'),
('36','36','36','Doloribus non voluptatem incidunt voluptates at. Ut at veritatis dolor temporibus tempore. Laudantium in voluptatem ea repudiandae eum. Eos ut officia tenetur sed explicabo ipsum.','perferendis','5397',NULL,'2012-04-16 13:41:12','2001-10-11 21:37:35'),
('37','37','37','Aliquam sequi rerum eveniet asperiores. Architecto quia voluptas asperiores officiis dolor veniam fugiat. Rerum voluptates numquam quae voluptas.','enim','268383126',NULL,'2013-09-08 23:00:53','2014-06-23 18:22:15'),
('38','38','38','Deserunt molestiae officiis dignissimos doloremque dolor ut cum. Sit laboriosam incidunt qui dolorem. Ea corrupti officiis dolorum ab fugit. Neque et vel vel a. Voluptate earum quasi dolores velit cum sed nobis aut.','optio','29066421',NULL,'1997-02-26 11:35:13','2016-09-25 17:09:23'),
('39','39','39','Quod repudiandae aut perferendis officia minima voluptatem repellendus. Maxime eligendi qui ex qui vel culpa ut. Quasi eum fuga sunt mollitia quisquam quae assumenda.','sunt','830695',NULL,'1981-03-26 11:56:23','1975-12-19 07:12:59'),
('40','40','40','Cumque a modi voluptas voluptate quisquam est. Blanditiis hic sed quia molestias necessitatibus cumque. Atque quibusdam praesentium quidem cupiditate.','sit','4986698',NULL,'2016-04-08 22:12:24','1995-03-08 17:44:34'),
('41','41','41','Et quis ut labore reprehenderit ratione aliquid ut. Veritatis voluptas corrupti sed sit. Fugiat dolores qui repellat fugiat porro illo nostrum. Esse amet illum eaque maxime repudiandae earum.','enim','57927',NULL,'1987-02-03 00:54:41','2012-08-03 11:00:47'),
('42','42','42','Est omnis assumenda ut rerum repellat ullam odio assumenda. Ut temporibus voluptas consequatur voluptate. Neque velit id cupiditate et quam nihil. Harum voluptatem ipsum fugiat sunt. Libero quae numquam consequuntur.','totam','0',NULL,'1995-08-05 13:43:21','2004-08-03 16:26:48'),
('43','43','43','Corrupti nesciunt porro vel et ex totam. Dolore commodi deleniti occaecati. Qui est quae accusamus modi consequatur est velit. Repudiandae officia et voluptates expedita possimus magnam esse vitae.','nihil','7840',NULL,'2008-12-12 16:26:08','1981-12-01 12:04:48'),
('44','44','44','Aut et officia labore necessitatibus minus. Voluptates aut nobis est quibusdam aliquam voluptas. Sunt neque animi officiis enim iste. Tenetur ullam nobis vitae voluptatum.','cumque','767813105',NULL,'1972-06-13 18:22:08','2012-10-21 06:12:03'),
('45','45','45','Ut aut cumque mollitia optio illum. Culpa et totam velit in voluptate. Numquam aut pariatur voluptates ut deserunt et debitis.','optio','8',NULL,'1976-03-19 09:30:19','2000-05-14 00:38:21'),
('46','46','46','Consequatur et non rem eveniet qui. Error possimus et ullam mollitia maiores.','fugiat','896719',NULL,'1980-04-06 18:25:50','1970-11-05 23:07:32'),
('47','47','47','Unde iste vel modi sunt hic eligendi minima. Omnis necessitatibus cupiditate adipisci dicta molestiae. Accusantium iure occaecati laudantium. Doloremque beatae quibusdam dolor minima. Sint quos minus velit quas.','cupiditate','740483690',NULL,'2014-04-17 09:50:04','1983-11-03 14:48:50'),
('48','48','48','Repellendus qui omnis possimus. Repellat magnam animi placeat possimus rerum voluptas in. Ut ut modi suscipit eum accusamus aspernatur quasi placeat.','accusantium','20388',NULL,'2002-07-22 08:21:47','2000-03-16 11:27:29'),
('49','49','49','Repudiandae facere nobis consequatur porro. Excepturi quia et aut dolorem. Omnis corporis tempora nisi vero et. Voluptatem commodi necessitatibus velit reiciendis magni.','sapiente','3005703',NULL,'2008-06-29 14:07:24','2005-08-17 18:48:10'),
('50','50','50','Error et nostrum autem nesciunt. Placeat labore expedita sunt quaerat porro. Nemo rerum harum ratione et omnis dolorum eos.','sint','60531',NULL,'1997-09-20 16:33:43','1985-01-27 11:26:40'),
('51','51','51','Dolor et id sed tempore. Aliquam consequatur accusamus exercitationem sequi nisi et. Harum dicta quidem architecto et inventore.','mollitia','56',NULL,'2013-07-07 18:36:20','1984-07-11 11:08:05'),
('52','52','52','Dolores dignissimos enim ipsum quidem. Eveniet possimus minima aspernatur facilis ut quis.','aliquam','26558060',NULL,'2001-03-09 04:55:25','1998-04-13 03:02:35'),
('53','53','53','Qui quo adipisci tempore molestiae officiis asperiores ut. Eum ab id fugiat illo atque animi. Exercitationem voluptatem eos sed fugiat ullam id. Inventore reprehenderit reiciendis veniam quos.','blanditiis','4237',NULL,'1980-04-29 14:47:07','1986-09-04 08:34:30'),
('54','54','54','Ullam dolores et voluptatum natus consectetur. Amet id temporibus accusamus. Et sit omnis ut quaerat nihil. Velit in earum modi reiciendis.','facilis','997',NULL,'2017-06-03 22:25:25','1990-04-16 23:38:25'),
('55','55','55','Rerum est quod aut voluptates enim eius. Nam doloribus necessitatibus eligendi ut. Et officia vel id quis eos voluptatum.','recusandae','630719623',NULL,'2002-12-31 06:55:13','2007-12-28 00:11:43'),
('56','56','56','Ratione reprehenderit est eligendi ad eum ex at. Beatae hic quo qui velit totam amet quam. Vero veritatis voluptas eum ut fuga nulla expedita.','odit','7',NULL,'1999-09-22 23:15:00','1975-01-25 06:24:31'),
('57','57','57','Ipsum accusamus sit cumque asperiores aut. Fugit quia harum omnis corrupti saepe eos. Est maxime officiis cumque nesciunt maxime eligendi aperiam.','et','569052932',NULL,'1971-02-21 02:06:47','2003-09-11 21:36:05'),
('58','58','58','Est libero natus explicabo quo ratione et dolore veritatis. Aperiam repellendus vero nihil laudantium qui similique. Sed officia eum facilis quaerat atque. Eaque pariatur nisi eaque eos et.','non','6',NULL,'1995-01-05 10:45:47','1972-11-29 11:23:12'),
('59','59','59','Aut eos delectus minima et voluptatum. Occaecati est nobis recusandae maiores labore blanditiis et perspiciatis. Est maxime culpa modi ut id cum enim. Quae et molestiae ratione.','et','3',NULL,'2017-09-10 23:26:47','1974-04-26 02:56:53'),
('60','60','60','Sit debitis consectetur voluptatem enim ullam voluptatem. Tenetur sunt sequi fuga earum. Est officia dicta sit amet mollitia.','voluptatem','879444990',NULL,'1970-01-23 07:05:35','1980-04-13 21:43:55'),
('61','61','61','Sunt nihil fugit consectetur. Aut sed quam itaque eveniet. Qui aut in vel cum itaque. Aut eum recusandae perferendis vero.','provident','78926',NULL,'1970-08-22 21:44:17','2012-04-22 08:56:02'),
('62','62','62','Aut omnis vel natus. At sed non harum dolore saepe soluta. Velit illo facere totam optio adipisci. Quod ea qui saepe.','fuga','5020',NULL,'2010-02-06 17:42:28','1991-10-25 05:16:43'),
('63','63','63','Cupiditate maiores quia voluptates dolores. Eaque exercitationem iste ea autem earum. Et quia quasi consectetur ea illum qui tempore.','eos','73020',NULL,'1999-01-25 11:38:45','1995-10-29 04:28:28'),
('64','64','64','Voluptates impedit eligendi molestiae unde. Sed nam consequatur quo rem fugit at.','recusandae','51862206',NULL,'2013-12-30 14:09:37','2020-01-28 19:07:33'),
('65','65','65','Fugiat tempora velit molestiae dolore vero ex. Distinctio at laboriosam ex aut odit praesentium nihil. Est reiciendis quod cumque totam qui vel vel.','vel','1670',NULL,'1975-04-12 12:07:31','1982-01-18 08:58:53'),
('66','66','66','Ipsum voluptate ipsa incidunt velit totam accusamus aliquid. Harum qui ut qui deserunt impedit dolor repudiandae. Et ipsam quae quis quo nulla porro. Natus quibusdam quam qui iste necessitatibus impedit.','laborum','95860',NULL,'2016-09-26 19:15:19','1998-07-28 03:22:57'),
('67','67','67','Quos nihil maxime recusandae voluptas dolores. Voluptatibus vitae esse dignissimos modi vel natus officia. Omnis a cumque sunt repellat et soluta.','eligendi','888',NULL,'2019-10-02 09:15:56','1988-10-06 10:27:15'),
('68','68','68','Accusamus aut sed eos ut quo omnis. Non aut vero perspiciatis quis commodi quo. Omnis deserunt accusamus aut maiores non.','voluptatem','446562130',NULL,'1970-01-25 18:37:07','2017-06-02 03:15:08'),
('69','69','69','Aut reiciendis facere occaecati non. Et et autem sapiente in. Quia ipsa sed tempora sit quia. Quia quo distinctio nihil qui consequatur. Et ad nulla optio molestias enim dignissimos est.','dolorum','4',NULL,'1989-07-13 04:15:16','1980-02-23 01:29:39'),
('70','70','70','Quia illo odit voluptas iure. Vel consequatur in voluptatem unde quod est. Ex velit sed magni nobis consequatur aliquam.','ea','1832',NULL,'1978-04-03 07:28:21','2014-10-10 04:00:58'),
('71','71','71','Est aliquam quia itaque et omnis quam ab. Dignissimos iusto alias earum consequatur velit illum.','laborum','2625',NULL,'1977-09-23 17:42:12','1991-12-22 03:31:07'),
('72','72','72','Mollitia laborum facere corrupti inventore cumque. Autem doloremque fuga sed earum cumque nihil. Reiciendis quisquam impedit sequi dicta.','itaque','93397152',NULL,'2018-10-08 19:41:34','2000-07-21 18:48:13'),
('73','73','73','Quod suscipit soluta repudiandae voluptatem est necessitatibus beatae optio. Et optio tempore assumenda sit dolore. Dolor deleniti iure esse et quia voluptatem. Voluptatem sint eos numquam molestiae quas quis. Recusandae eius illo ducimus accusamus et.','aut','35',NULL,'2003-04-27 00:55:48','1979-07-18 23:42:50'),
('74','74','74','Enim aut ab non et enim. Et molestiae excepturi nihil aliquam corporis. Consequatur ab et molestiae adipisci dolores debitis eum. Aut sapiente praesentium similique et vel tempore.','iure','69772',NULL,'2018-05-14 02:26:25','2004-09-05 18:50:15'),
('75','75','75','Vel dolores nulla ea quia et sint deserunt. Dignissimos non voluptatum eveniet libero velit officia. Aliquid unde quia odit vel possimus qui est dignissimos. Assumenda placeat sed et accusantium.','deserunt','2',NULL,'1976-02-16 05:13:58','1990-10-25 00:53:53'),
('76','76','76','Sunt rem qui quo. Sit nesciunt ea recusandae consequatur atque labore. Inventore ipsam magnam aliquam voluptatum ea nam. Architecto unde perferendis magni quia et consectetur fugit unde.','ipsam','31631192',NULL,'2009-02-23 12:14:42','1984-09-08 14:34:41'),
('77','77','77','Odit quidem rerum laboriosam nisi ad soluta. Perferendis ut eius nemo est nobis aut et. Quod dolor iure earum consequatur sapiente. Error consectetur aut non ex eaque nesciunt autem.','unde','1',NULL,'1991-01-18 17:40:19','2019-05-19 20:19:37'),
('78','78','78','Consequatur sed dolore iste aut expedita. Consequuntur dolores consequatur aperiam quia maxime sequi voluptatum hic. Sint error voluptate ad.','quae','86',NULL,'1996-10-07 19:23:13','1988-09-02 21:14:56'),
('79','79','79','Corrupti inventore error sunt mollitia qui. Et ex id dignissimos voluptas rerum. Aut consequatur molestiae itaque libero pariatur molestiae deleniti.','reiciendis','501703471',NULL,'2008-09-02 11:48:45','1994-06-11 03:31:11'),
('80','80','80','Doloremque error aut doloribus similique. Ut quis dolor non necessitatibus eveniet aut sint. Aut veniam cum dolores assumenda. Atque eos non voluptatem officiis numquam minima aut.','officia','6115',NULL,'1977-10-11 05:36:19','2010-04-14 09:39:42'),
('81','81','81','Non nihil eaque accusantium ea ab. Ut culpa in voluptatum et rerum sed. Deserunt autem officiis temporibus ipsum iste.','sint','7278',NULL,'2005-02-27 22:06:17','1971-03-31 23:06:25'),
('82','82','82','Dolor sint modi doloribus. Et et perspiciatis quasi aut quidem amet quis. Sed doloribus ut ducimus.','tempora','0',NULL,'1997-12-25 01:44:00','2012-01-11 17:26:37'),
('83','83','83','Qui ut odio aut officia ut. Est debitis et voluptatem. Dolores et vel nulla amet earum. Aliquam porro non est temporibus modi consectetur. Itaque aut autem saepe velit quia quis minima.','sit','86',NULL,'1970-09-30 05:03:56','1975-11-12 16:45:58'),
('84','84','84','Ut quos officiis illo. Consequatur voluptatibus quod omnis nemo. Soluta accusamus molestiae non inventore. Et enim distinctio autem aut impedit.','aut','76238',NULL,'2010-03-05 17:57:58','1990-09-10 06:37:38'),
('85','85','85','Accusamus modi est voluptatum recusandae ipsum. Numquam facere sint ut molestiae possimus rerum est optio. Beatae est magnam et qui necessitatibus quo est. Sint ullam minima sint incidunt.','et','6167',NULL,'1972-07-18 10:12:15','2014-07-16 23:35:41'),
('86','86','86','Et totam impedit ea. Tempora qui ut et eos rerum consequuntur dolorum et. Voluptate fugiat et aut suscipit. Sequi nostrum est velit.','sit','559981042',NULL,'1976-03-26 15:18:28','2011-05-02 23:34:40'),
('87','87','87','Architecto esse nihil ut consectetur autem qui dolores. Ea corporis debitis et quidem. Tenetur possimus et consequatur autem similique vel. Ex ea natus vitae voluptas delectus voluptas.','ut','89604884',NULL,'1982-05-28 11:45:18','1990-09-19 08:35:11'),
('88','88','88','Voluptatem ipsum quam illum et fuga pariatur aut quisquam. Itaque adipisci non quasi delectus. Fugit vel corrupti illum ut accusamus exercitationem voluptatem. Labore consequatur doloremque unde aperiam voluptas.','sequi','972830',NULL,'2005-11-18 10:52:07','1975-12-19 05:58:17'),
('89','89','89','Aut a odio veritatis consequuntur. Impedit aut ipsum architecto voluptas exercitationem veritatis repudiandae.','explicabo','54919',NULL,'1980-11-07 01:59:53','1980-09-25 15:24:02'),
('90','90','90','Quos est iusto quam officiis aspernatur. Numquam atque quas officia incidunt aspernatur. Qui et nemo assumenda recusandae voluptatibus. Rerum optio voluptatum ducimus dolor exercitationem voluptatem.','quos','137789',NULL,'2020-01-05 09:41:47','1992-01-02 13:10:49'),
('91','91','91','Odio veniam quod sint illum vero. Quis omnis omnis officiis dolorum deleniti quod delectus. Aut voluptatibus odit quia molestiae asperiores labore perferendis. Odit id voluptatem quia id ut voluptatem.','autem','80810',NULL,'1991-01-22 05:18:19','2018-01-17 13:43:13'),
('92','92','92','Velit assumenda vitae consequatur autem et. Expedita ut dolorem laboriosam excepturi officia ratione soluta. Consequatur est veniam tenetur aut quis.','et','59430',NULL,'1976-09-11 09:03:28','2018-12-26 04:20:12'),
('93','93','93','Minima unde voluptatem qui quod dolorem eum eligendi tempora. Beatae beatae ut unde doloremque nemo assumenda. Error hic eius id aut.','dolorem','381284839',NULL,'2009-03-23 03:35:10','1984-04-24 07:10:44'),
('94','94','94','Nostrum consequuntur natus quidem consectetur ullam et ducimus. Eligendi et expedita nobis sunt non distinctio.','cum','570240',NULL,'1977-07-12 03:09:28','1973-03-15 13:53:53'),
('95','95','95','Necessitatibus est dolor minima id id perferendis expedita. In quo reprehenderit hic non exercitationem aliquam magnam. Fuga sint eum aliquid beatae quos consequatur eligendi. Sit odit et voluptatibus aspernatur enim.','debitis','25067110',NULL,'2000-08-30 22:52:23','1996-03-14 05:29:17'),
('96','96','96','Voluptatem reiciendis reiciendis a eum. Consequatur magnam odio est totam autem. Molestiae accusamus sequi earum expedita minima ipsum quisquam. Laboriosam accusamus qui magnam voluptate.','quaerat','151497386',NULL,'2013-03-17 05:53:27','1978-10-16 11:14:12'),
('97','97','97','Asperiores est ut est delectus est quis eum. Illum sed nulla aliquid qui odio culpa veritatis. Suscipit et consequatur neque aut modi. Impedit dolor odio ut voluptatem ut minus.','ducimus','10781518',NULL,'2006-06-22 07:18:33','1986-11-26 20:28:12'),
('98','98','98','Hic laborum velit autem molestiae occaecati quos quia ab. Est dolorem porro molestiae accusamus ut omnis. Libero repudiandae similique et dolore. Debitis earum voluptatem dolore omnis.','nesciunt','81',NULL,'1993-10-11 13:41:21','2018-05-23 06:05:17'),
('99','99','99','Qui harum tempora cumque pariatur et est est. Dolore quis sed reprehenderit omnis sint possimus quos.','illo','36',NULL,'1999-01-12 10:35:42','1979-12-25 10:33:31'),
('100','100','100','Optio similique quidem velit nemo tempora. Qui iusto hic qui ex. Sit maxime quo dolorem qui voluptatibus sed. Cum nisi consectetur et quia reiciendis minus. Laudantium dicta natus eum quae incidunt.','dignissimos','9194',NULL,'1982-11-17 08:47:05','1975-03-14 09:55:03'); 


DROP TABLE IF EXISTS `media_types`;
CREATE TABLE `media_types` (
  `id` bigint(20) unsigned NOT NULL AUTO_INCREMENT,
  `name` varchar(255) COLLATE utf8_unicode_ci DEFAULT NULL,
  `created_at` datetime DEFAULT current_timestamp(),
  `updated_at` datetime DEFAULT current_timestamp() ON UPDATE current_timestamp(),
  PRIMARY KEY (`id`)
) ENGINE=InnoDB AUTO_INCREMENT=101 DEFAULT CHARSET=utf8 COLLATE=utf8_unicode_ci;

INSERT INTO `media_types` VALUES ('1','nulla','1972-01-26 15:13:10','1974-09-04 09:14:54'),
('2','quia','1985-11-14 13:18:36','1984-06-29 12:46:07'),
('3','consequatur','1996-05-05 05:10:30','1997-09-04 00:03:06'),
('4','odit','2007-07-07 06:35:05','2001-05-07 22:41:04'),
('5','vel','2004-05-19 15:21:17','1976-08-28 00:59:42'),
('6','ex','1995-02-19 13:45:52','2019-03-21 23:06:26'),
('7','maiores','1974-05-23 18:25:21','2011-01-29 07:48:20'),
('8','dolores','1980-02-05 08:07:10','1993-08-07 20:09:15'),
('9','et','1970-02-08 18:20:17','1986-11-24 11:12:12'),
('10','minima','2019-02-14 17:27:41','2010-05-22 17:49:06'),
('11','molestias','2008-05-14 06:20:48','2002-06-29 21:25:20'),
('12','voluptatum','1985-10-25 15:18:17','1975-04-13 13:00:21'),
('13','est','2006-04-20 14:56:56','2019-05-18 22:28:46'),
('14','voluptatem','2002-12-20 03:35:46','1976-03-18 15:41:33'),
('15','iusto','2010-02-23 08:15:52','1996-09-11 04:57:53'),
('16','sint','1999-02-02 18:10:12','1978-02-13 17:37:44'),
('17','in','1990-12-31 04:43:05','2013-08-12 13:01:32'),
('18','reiciendis','2019-11-12 22:34:23','1983-01-19 06:28:37'),
('19','amet','2007-08-14 17:57:41','1977-10-29 11:54:28'),
('20','odit','1995-07-25 11:23:31','2011-08-14 03:09:53'),
('21','illo','2019-05-10 21:29:17','2014-02-22 17:15:43'),
('22','voluptatem','1977-03-15 13:37:42','1970-11-22 21:41:35'),
('23','totam','2015-01-31 19:42:54','2016-08-10 18:25:25'),
('24','magnam','2014-04-20 11:40:32','2017-12-13 10:01:23'),
('25','laudantium','1992-04-23 23:38:06','1986-02-21 05:23:06'),
('26','et','1988-04-21 17:33:42','2016-05-15 15:03:03'),
('27','veritatis','1999-10-19 15:42:35','1977-10-23 12:24:02'),
('28','alias','1988-03-07 21:50:05','2014-04-23 16:49:23'),
('29','quas','2002-09-12 23:44:35','2002-09-26 16:30:19'),
('30','laborum','1973-11-22 09:23:24','1986-11-19 21:47:15'),
('31','non','2006-03-27 10:32:12','1987-05-21 02:27:41'),
('32','architecto','2014-12-28 03:55:19','2007-09-17 13:25:01'),
('33','sunt','2000-10-26 16:18:33','1982-04-07 01:55:34'),
('34','tempora','1997-05-28 10:40:49','1972-07-17 13:20:43'),
('35','cupiditate','1978-04-30 02:32:09','2008-04-06 12:40:31'),
('36','et','1981-05-12 14:56:57','2008-02-10 08:08:50'),
('37','voluptatum','1974-08-02 03:53:48','1971-12-28 05:28:02'),
('38','architecto','2008-04-04 22:19:08','2007-10-10 15:24:21'),
('39','ea','1976-01-25 06:07:27','1990-06-06 00:32:36'),
('40','non','1999-01-24 07:11:55','2009-09-14 16:10:06'),
('41','velit','1977-02-11 08:01:19','1986-11-27 12:36:32'),
('42','voluptatem','1987-07-17 13:19:38','1982-11-30 02:16:10'),
('43','voluptatem','2018-08-15 23:10:15','2001-08-10 17:46:07'),
('44','qui','1984-05-30 16:28:57','2006-09-22 08:09:32'),
('45','aut','1999-11-22 10:08:19','2013-02-22 12:33:20'),
('46','cum','1990-03-19 16:59:00','1991-05-28 08:35:06'),
('47','eius','1999-01-23 00:33:45','1978-04-30 07:52:36'),
('48','sed','2016-04-10 07:26:42','2007-10-15 17:46:48'),
('49','explicabo','1976-01-15 20:07:36','1993-05-18 03:59:52'),
('50','aperiam','1985-12-08 05:40:34','2017-07-31 15:45:08'),
('51','et','2016-07-29 03:30:34','1972-09-08 14:42:30'),
('52','sit','1978-03-08 02:11:41','2016-08-16 02:58:18'),
('53','itaque','2000-04-15 03:44:50','2009-04-16 13:31:36'),
('54','doloribus','2008-08-24 09:21:13','1980-08-01 07:51:54'),
('55','eum','2016-03-05 18:56:50','1997-11-02 08:19:40'),
('56','aliquam','2008-10-12 14:24:46','1994-09-17 18:26:47'),
('57','maiores','2014-04-19 10:09:30','2008-07-08 19:47:06'),
('58','harum','2005-09-06 07:01:34','2008-02-24 13:08:33'),
('59','omnis','1972-04-27 00:33:21','1976-05-24 18:34:01'),
('60','alias','1974-10-09 11:11:48','2014-05-03 11:04:05'),
('61','provident','1987-11-08 14:21:11','1981-09-16 05:58:13'),
('62','accusamus','2002-12-18 04:44:45','1993-06-10 15:00:32'),
('63','odit','2008-04-10 02:53:38','2020-01-11 03:43:47'),
('64','amet','2011-09-12 16:24:24','1978-11-15 17:12:15'),
('65','numquam','1994-11-08 02:40:32','1999-04-23 09:42:57'),
('66','occaecati','2014-06-12 09:50:34','1981-04-18 16:39:40'),
('67','aut','1997-08-24 13:56:07','1992-07-30 17:32:27'),
('68','architecto','1989-07-03 10:16:59','1996-12-13 13:56:34'),
('69','numquam','2011-01-22 15:04:09','2006-09-05 15:59:30'),
('70','voluptatibus','1997-01-29 08:33:31','2009-08-13 00:30:11'),
('71','amet','1991-07-23 03:15:23','1979-03-28 14:22:25'),
('72','dolor','1982-03-27 09:22:01','1992-01-24 03:49:34'),
('73','amet','1976-08-23 20:59:11','1987-03-29 21:55:14'),
('74','ut','1998-04-12 00:25:00','1996-12-04 20:33:56'),
('75','reprehenderit','2009-07-03 08:21:11','1979-12-19 03:54:56'),
('76','nobis','2009-07-02 19:50:10','1998-02-23 14:25:19'),
('77','perferendis','1992-01-20 15:09:16','2013-05-03 08:23:11'),
('78','est','1978-10-19 22:38:14','1984-08-24 17:50:35'),
('79','omnis','1970-12-12 14:42:35','2017-05-06 19:32:40'),
('80','sit','1989-03-25 16:08:17','1998-11-07 10:15:29'),
('81','id','2016-05-22 13:28:48','1988-09-18 12:47:58'),
('82','blanditiis','2019-02-08 07:54:29','2019-05-31 20:13:44'),
('83','ab','1975-11-21 03:07:29','2019-12-08 17:42:21'),
('84','quia','2015-11-14 13:12:55','1999-08-21 06:53:39'),
('85','ut','1975-02-12 13:18:29','1976-06-17 09:51:18'),
('86','et','1975-07-20 16:40:56','2018-08-30 19:38:17'),
('87','qui','2015-03-08 12:35:49','1976-08-09 16:24:16'),
('88','et','1987-12-28 15:30:24','2013-08-06 10:10:36'),
('89','sed','1992-11-15 07:44:59','1981-04-28 01:43:26'),
('90','dicta','1973-05-30 06:04:45','2008-02-26 18:10:08'),
('91','magni','2001-11-11 14:00:15','1985-01-21 22:41:50'),
('92','nostrum','1989-07-10 09:02:38','1999-02-11 05:35:37'),
('93','quia','1985-08-27 04:01:17','1994-09-25 09:38:50'),
('94','quaerat','1980-07-14 17:47:58','2017-11-10 15:38:07'),
('95','sit','2007-04-24 10:49:14','2007-12-13 16:24:08'),
('96','dolores','1973-12-09 23:15:32','1989-09-08 12:21:53'),
('97','et','1986-03-14 06:12:18','2018-06-19 03:47:36'),
('98','eum','1981-02-02 18:55:30','1982-04-06 09:16:41'),
('99','facilis','1995-04-19 19:21:00','2018-12-21 22:24:57'),
('100','quia','1990-01-07 12:20:07','2012-10-16 20:19:17'); 


DROP TABLE IF EXISTS `messages`;
CREATE TABLE `messages` (
  `id` bigint(20) unsigned NOT NULL AUTO_INCREMENT,
  `from_user_id` bigint(20) unsigned NOT NULL,
  `to_user_id` bigint(20) unsigned NOT NULL,
  `body` text COLLATE utf8_unicode_ci DEFAULT NULL,
  `created_at` datetime DEFAULT current_timestamp(),
  PRIMARY KEY (`id`),
  KEY `messages_from_user_id` (`from_user_id`),
  KEY `messages_to_user_id` (`to_user_id`),
  CONSTRAINT `messages_ibfk_1` FOREIGN KEY (`from_user_id`) REFERENCES `users` (`id`),
  CONSTRAINT `messages_ibfk_2` FOREIGN KEY (`to_user_id`) REFERENCES `users` (`id`)
) ENGINE=InnoDB AUTO_INCREMENT=101 DEFAULT CHARSET=utf8 COLLATE=utf8_unicode_ci;

INSERT INTO `messages` VALUES ('1','1','1','Doloribus voluptas eligendi aut quis iure. Sapiente natus repudiandae sint et reiciendis at vitae. Earum et et dolores distinctio aliquam qui.','1981-01-28 12:35:24'),
('2','2','2','Sapiente optio atque dolor enim est dolorem. Quas et vitae maiores consequatur fugiat qui vel. Iure fugit quia libero et dolorem cupiditate.','2005-08-04 03:35:43'),
('3','3','3','Accusamus perferendis nihil delectus consequatur et voluptatem aliquam. Harum soluta temporibus quibusdam est perferendis explicabo. Tempora vel omnis neque consequatur accusamus voluptate.','1990-08-12 09:20:45'),
('4','4','4','In qui voluptates aliquam esse dolor suscipit minus aut. Enim ducimus reprehenderit distinctio. Alias nostrum eos voluptas.','1993-07-02 17:21:11'),
('5','5','5','Nulla autem debitis aliquam molestiae illo facilis quisquam. Est voluptas nulla vel vel saepe tempore iusto. Necessitatibus modi occaecati corrupti accusamus. Velit suscipit dolor est nihil corrupti dolor.','2009-05-05 22:08:05'),
('6','6','6','Qui ad optio qui earum cum voluptatem. Itaque accusamus delectus corrupti velit excepturi eaque. Rerum omnis est alias expedita sint et minima.','2015-09-10 08:23:50'),
('7','7','7','Autem ipsam quasi laboriosam. Odio perferendis ea repudiandae ut id voluptas dolor iusto. Fugit maiores est vel sint quidem temporibus minus aut. Veniam nihil molestiae est numquam.','1972-01-10 04:09:24'),
('8','8','8','Ratione aspernatur corporis quia qui vel esse sequi. Illo enim odio dolor dolorem eos excepturi. In aliquid corrupti rerum magni eveniet consectetur. Deleniti mollitia ex nihil doloribus.','1987-05-28 02:38:00'),
('9','9','9','Explicabo voluptatem tenetur magni quidem. Sit delectus sed nobis mollitia. Voluptatem aut quis aut quos ut beatae laboriosam.','1991-02-28 12:49:20'),
('10','10','10','Natus id quidem assumenda porro dolor voluptate a. Quis vitae doloribus voluptas provident accusamus fuga eos et. Temporibus eligendi reprehenderit quaerat laborum sed.','2010-08-11 14:41:20'),
('11','11','11','Quae sunt recusandae voluptatum velit. Veritatis a officiis corporis aut cupiditate laborum hic. Vel odio sed ut et magnam soluta. Dolores voluptatum quo quia magnam consequatur error.','1972-10-26 12:15:00'),
('12','12','12','Hic et eligendi labore quia et nesciunt suscipit. Tempora rerum dolores voluptatibus maxime et. Accusamus consequuntur sint rem voluptatibus. Dolorum temporibus quisquam labore atque ab incidunt accusamus quam. Rerum et in accusantium voluptatum praesentium eaque quia veritatis.','2016-01-10 06:19:30'),
('13','13','13','Et tempore et deleniti non eum earum. Rerum autem a ipsam ut ut. Odio esse odio similique omnis aut. Quia autem architecto quibusdam laboriosam ab voluptate.','2008-11-27 04:01:46'),
('14','14','14','Sapiente ratione tempora quo possimus. Praesentium nesciunt laboriosam quia blanditiis molestiae quibusdam magnam ab. Praesentium nisi amet laboriosam ex quas et.','2015-07-15 11:28:09'),
('15','15','15','Cumque ut voluptas et. Maxime voluptas nam similique cumque facere. Autem sit vel ut voluptas repellat sit ducimus. Assumenda repellendus voluptas et animi ea sed.','1972-11-23 18:17:10'),
('16','16','16','Velit molestiae et ea et rerum tenetur nulla. Consequatur cupiditate iure commodi temporibus optio. Qui saepe assumenda laboriosam.','1989-07-04 08:07:23'),
('17','17','17','Ratione natus voluptas et expedita quibusdam sunt et. Animi ipsam debitis et blanditiis consectetur blanditiis. Officia doloremque vitae pariatur non voluptates. Nostrum consectetur a est non et.','1979-11-01 21:32:03'),
('18','18','18','Alias vero eligendi pariatur illum voluptatum eum corporis. Repellendus reiciendis et perferendis et sit quaerat. Assumenda velit rerum magni ratione iste sint. Eligendi expedita quaerat aut nihil temporibus rerum ea ut.','1984-03-31 07:51:32'),
('19','19','19','Laboriosam repellat accusantium maxime et. Accusamus et ut tempore praesentium. Rem tempora beatae earum assumenda voluptatem. Repudiandae nam sit omnis quasi. Expedita fugiat maxime accusantium accusamus cupiditate est dolore.','1987-06-23 05:00:53'),
('20','20','20','Nulla consequatur natus in libero totam. Ullam natus magni voluptatem et.','2011-10-02 10:30:12'),
('21','21','21','Quidem error impedit velit sunt quia. Voluptas voluptas distinctio officia voluptas omnis. Quis atque quis aut est qui hic perferendis suscipit.','1988-07-30 03:36:54'),
('22','22','22','Soluta dolor qui et quidem sapiente. Velit quisquam odio voluptas exercitationem.','2018-05-19 17:22:00'),
('23','23','23','Reiciendis distinctio et excepturi quas ipsa aut. Blanditiis nobis id qui laudantium molestiae et blanditiis. Nobis omnis quibusdam ut expedita dicta voluptas ratione. Dolorum cumque laboriosam dicta iusto doloribus. Architecto perferendis sit pariatur et excepturi.','1996-04-26 04:18:03'),
('24','24','24','Esse laudantium quia assumenda soluta enim. Possimus laudantium debitis esse aut voluptatibus impedit ea. Tempore officiis blanditiis delectus voluptatem quas iste iusto. Deserunt vel eum necessitatibus impedit molestias. Voluptatem omnis blanditiis molestiae rerum fugiat eaque et.','1988-06-27 20:33:32'),
('25','25','25','Et harum perferendis quia quo suscipit ipsum amet. Quam eos atque sed sed aliquid rerum qui. Perferendis iure omnis voluptatem quisquam repudiandae qui.','1991-08-28 13:08:25'),
('26','26','26','Incidunt rem recusandae repudiandae ab aliquam eligendi adipisci et. Quis quaerat est asperiores ipsum ex accusamus unde qui.','2014-03-06 19:35:06'),
('27','27','27','Sunt et quisquam quas quis voluptatem. Illo saepe mollitia quia corrupti iusto qui. Non enim ea sunt molestias debitis at.','1982-12-29 07:35:11'),
('28','28','28','Eum laboriosam atque laudantium labore. Necessitatibus blanditiis occaecati molestiae est dolores. Atque dolor repellat qui aut.','1993-03-28 09:44:15'),
('29','29','29','Rerum dolorum sapiente doloremque optio a consectetur impedit. Hic odit ratione omnis possimus vitae. Consequuntur sapiente ipsam reiciendis eum tempore est. Quae reiciendis qui rerum provident suscipit ut qui tenetur.','1972-11-12 04:52:16'),
('30','30','30','Tempore architecto consequuntur animi vero sapiente atque. Excepturi quis et qui qui. Commodi doloribus laboriosam sed non error aliquid exercitationem.','2015-02-27 15:05:16'),
('31','31','31','Animi molestiae nulla voluptatem in sunt. Facilis hic temporibus saepe hic ad. Et praesentium ad sit sint sed. Ipsum aut quia ut omnis ducimus.','2011-09-25 22:53:24'),
('32','32','32','Ullam libero ea eum ab temporibus qui distinctio ipsam. Voluptas explicabo laudantium sapiente autem. Velit voluptatem voluptatibus ipsam eos. Rerum voluptatem quibusdam eveniet velit labore quos.','1975-10-11 08:25:16'),
('33','33','33','Quia et ex odit vel. Qui eum cum est nostrum rerum.','1974-01-26 23:19:15'),
('34','34','34','Nisi est molestiae qui velit molestiae sit nisi. Praesentium velit odio consequuntur. Libero assumenda quia adipisci iste aut eveniet iste sunt. Consectetur omnis distinctio mollitia. Id cupiditate et mollitia.','1978-01-04 18:28:41'),
('35','35','35','Perspiciatis expedita sunt enim ea hic libero dignissimos. Exercitationem temporibus laudantium dolores enim neque fuga dignissimos. Voluptate qui quas alias quia et nemo nulla natus.','2012-10-15 03:00:45'),
('36','36','36','Nam nihil culpa quia accusamus omnis. Placeat optio quaerat temporibus molestiae. Soluta culpa et esse nobis delectus et laudantium.','1991-08-22 23:42:05'),
('37','37','37','Vel ea corrupti qui sit. Iusto aliquid corrupti et pariatur ipsa. Iure blanditiis ipsa quod repellat.','1996-10-28 16:32:24'),
('38','38','38','Veniam esse dolore perspiciatis natus consequatur autem et. Omnis voluptate voluptatem dolores qui non nemo qui. Nam explicabo perferendis assumenda voluptatem voluptate dolores officia sed.','1980-11-15 23:02:13'),
('39','39','39','Necessitatibus provident nam cupiditate ab et tempore. Illo et sed possimus ut. Vel nihil vitae ab cupiditate quo. Voluptatem quia odit maxime illum et tempore.','2001-05-27 05:44:05'),
('40','40','40','Velit tempore quae repellendus recusandae asperiores consectetur expedita. Corrupti eos aspernatur alias quo. Quasi nemo rerum qui assumenda repudiandae.','1973-04-06 04:45:23'),
('41','41','41','Praesentium nobis rem eum harum cum ab. Culpa cum possimus dignissimos. Aliquid autem nam voluptatem soluta. Et et esse enim voluptas.','1974-10-17 19:19:40'),
('42','42','42','Omnis et exercitationem distinctio eum sed dolor. Accusamus veritatis omnis odit dignissimos odit quod. Aut non at non nobis possimus voluptate hic dolores.','1986-06-16 04:44:27'),
('43','43','43','Distinctio maxime beatae ipsum. Delectus inventore quos veniam fugiat deserunt esse non laudantium. Atque omnis consequatur ducimus et distinctio ipsum. Aliquid dignissimos eius similique quibusdam sint debitis.','1983-01-06 10:26:25'),
('44','44','44','Fugit magnam dicta dolore provident voluptatibus in et. Quis explicabo vitae unde quibusdam. Aut velit officiis quod dolore maxime esse.','1978-04-24 04:31:59'),
('45','45','45','Libero magni est et est magnam qui et. Sint illo aliquam dolorum laudantium sint iure occaecati. Numquam consequatur at rerum. Voluptatem nostrum quisquam fuga eos.','1987-10-18 05:36:23'),
('46','46','46','Consectetur iste repudiandae et aut magni. Omnis magnam cum magni aspernatur eligendi. Voluptatem rem dolores incidunt suscipit quidem repudiandae nam.','2016-11-28 04:55:24'),
('47','47','47','Nihil aut dolores veniam libero. Omnis eos rem sed. Harum id deleniti ab voluptatem asperiores non similique et.','1999-07-06 08:45:18'),
('48','48','48','Voluptas sed eos et hic consequuntur expedita modi cumque. Voluptates qui iusto eum dicta in. Neque suscipit quia ipsam. Nihil qui quia commodi et dolor.','1986-04-30 18:56:39'),
('49','49','49','Autem qui non quisquam. Cum qui et architecto quia perferendis non necessitatibus. Ut officiis et eaque non. Exercitationem odit quis omnis vel omnis. Molestias deleniti totam quas placeat dolores eos iste.','1979-05-08 06:01:37'),
('50','50','50','Aut possimus magnam molestias in. Tempora veniam doloribus et quod ut nesciunt quos. Nesciunt debitis sapiente aliquam non sint.','1993-11-06 00:15:47'),
('51','51','51','Necessitatibus optio hic sint sint in sed tempore. Tempore excepturi ducimus quam sed laboriosam beatae earum. Illo eos quam incidunt quia aut dolor.','1982-05-25 12:51:55'),
('52','52','52','Suscipit hic modi et molestiae autem sunt autem. Distinctio inventore vero et non rerum nulla. Mollitia repellat quos sit sint. Animi culpa corporis blanditiis molestiae accusantium.','1978-12-01 07:54:09'),
('53','53','53','Vel atque molestiae ut ab rerum voluptatem culpa. Quia sit a assumenda qui pariatur. Tenetur quam iusto est omnis commodi.','1983-08-25 18:47:22'),
('54','54','54','Et autem quia rem modi eveniet debitis. Nihil in perspiciatis doloribus dolorem. Laboriosam ratione ullam quod at. Magnam eaque aliquam est est beatae dicta debitis. Blanditiis velit laboriosam veniam architecto a est.','2018-04-16 02:26:22'),
('55','55','55','Molestiae accusamus rerum blanditiis quis voluptates quidem. Voluptatem quia architecto quia et consequatur et commodi. Veniam quaerat velit dolorem eveniet sed ut architecto aut. Illum et eligendi temporibus enim distinctio eum hic.','1973-06-19 18:20:06'),
('56','56','56','Sit laboriosam doloribus qui deleniti illum odio id quia. Debitis et sunt officia voluptas qui.','2014-06-08 00:13:34'),
('57','57','57','Eligendi perferendis eaque quis. Aut autem soluta at libero autem tempora est. Accusamus suscipit voluptatem et qui.','1983-10-24 14:42:58'),
('58','58','58','Vel porro sed cupiditate omnis laboriosam soluta. Quae suscipit ut ut quia alias enim. Est rerum expedita perspiciatis quo. Quibusdam nostrum fugiat et veniam et ea dicta culpa.','2005-07-22 05:23:44'),
('59','59','59','Beatae iste repudiandae earum occaecati sequi quae. Hic nisi laborum non enim provident qui. Omnis odio corporis est.','2010-03-11 22:38:24'),
('60','60','60','Eos vel ullam illo laboriosam possimus et. Iure enim quasi amet qui. Assumenda dolorem eaque et occaecati enim praesentium.','2018-06-21 20:18:56'),
('61','61','61','Quos soluta possimus ratione voluptates ex. Omnis molestiae non est perferendis. Voluptatem provident quisquam quam repudiandae. Quaerat et tenetur distinctio nobis illo unde.','1995-09-20 08:15:50'),
('62','62','62','Non provident architecto aut odit autem ipsum tempora. Et similique omnis dolores voluptas hic. Qui quia dignissimos velit quis. Alias earum molestiae ea. Placeat quis quam ipsam molestiae ut.','1970-12-31 11:01:36'),
('63','63','63','Maiores quod est quam quas maxime animi facere. Reiciendis repellendus dignissimos necessitatibus. Minima pariatur aut qui modi expedita iure. Pariatur nostrum quae non quo quis hic cupiditate.','1976-08-27 01:54:52'),
('64','64','64','Dolores libero quod sint maxime. Aspernatur et est rerum. Nemo aut autem est voluptatum natus dolore.','1971-04-17 08:45:49'),
('65','65','65','Officiis inventore quia sed illum mollitia alias. Dolore omnis et deleniti eveniet.','1981-04-26 23:42:45'),
('66','66','66','Corporis quam cumque et est. Quo voluptatem facere sit provident fugit rerum provident. Eius perspiciatis eos veritatis asperiores. Blanditiis rerum qui quia reiciendis dolores distinctio quisquam.','2014-07-16 05:25:04'),
('67','67','67','At sed doloremque necessitatibus reprehenderit. Et nobis eum magni corporis dolor quia soluta. Iusto velit nobis soluta non eos quia est. Sequi dolor aspernatur ullam perspiciatis illo eos reprehenderit.','1981-02-02 05:49:43'),
('68','68','68','Consequuntur mollitia sit repellat aspernatur qui officia maxime. Recusandae id consequatur et. Voluptatum corporis consequatur officia fugiat.','1979-09-12 01:04:49'),
('69','69','69','Dolor et omnis id inventore rerum ratione non. Architecto beatae veritatis recusandae ad quia autem est vero. Necessitatibus dolores nesciunt architecto ex.','1987-01-28 00:52:32'),
('70','70','70','Nisi sequi eum aut quam. Enim illo cupiditate qui corporis. Dolorem architecto sed quo iure vel officia. Eum aperiam quia doloremque quia soluta sed. Asperiores aut deserunt tempora et fuga sunt suscipit.','1992-12-25 20:01:05'),
('71','71','71','Perferendis delectus magni labore tempore eos qui. Ipsum dolor ipsam fugit nemo. Sit vel qui ut quos autem voluptas dolorum.','1988-05-28 05:04:34'),
('72','72','72','Vero et cum nihil id perspiciatis et. Provident voluptatem iure qui voluptatem corrupti et quae. Suscipit asperiores consequatur corporis repellendus. Rerum laborum in sunt est.','2000-06-13 13:48:51'),
('73','73','73','Et sed sint officiis quia esse. Ut sed provident non nobis earum. Architecto voluptas doloribus et sapiente eaque et. Aut vel iusto non illum velit esse eaque.','1978-10-27 16:03:38'),
('74','74','74','Qui sed reiciendis omnis saepe. Dolorum nobis rerum dolor cupiditate quia officia veritatis non. Id ut ratione minima alias iure.','2008-08-09 00:27:02'),
('75','75','75','Voluptate eveniet corporis earum dignissimos quae quasi sit. Earum quidem cumque consequuntur.','2008-12-22 21:38:33'),
('76','76','76','Quod inventore similique et id reiciendis est. Sit hic est maiores debitis. Sapiente saepe rem vel dolorem quae eligendi et.','1973-09-12 08:11:44'),
('77','77','77','Sit eligendi repellendus et consequatur sit sed. Ut sit eaque dignissimos minima nesciunt non. Eum ab aut velit tempore cumque. Soluta laudantium quos dolorem ut repudiandae. Sed ut illo quam.','1980-09-13 09:32:00'),
('78','78','78','Ad sit harum dolorem et. Sunt totam et rerum et adipisci est at. Porro nobis modi voluptatum eius architecto odit odit. Natus qui sit porro unde sint ut.','1990-07-15 07:08:53'),
('79','79','79','Asperiores qui excepturi earum qui aspernatur sit. Suscipit atque natus sed expedita esse ad. Laudantium nulla rerum soluta enim vel sed.','1986-04-17 22:30:15'),
('80','80','80','Quaerat autem debitis atque numquam. Nostrum adipisci et neque.','2007-09-22 19:35:36'),
('81','81','81','Voluptatem dolore similique error dignissimos. Voluptas pariatur ipsum facilis quas. Molestiae quia vel totam sit atque. Dolorum voluptatibus sit qui consequuntur.','2001-06-28 18:12:24'),
('82','82','82','Suscipit ut temporibus dolorem. Omnis incidunt omnis optio ab provident dolores minima. Quisquam rem consequatur eum et culpa.','1997-06-30 23:40:49'),
('83','83','83','Qui labore itaque dolores commodi voluptatem et. Aut ipsa suscipit molestiae voluptatem.','1970-04-30 22:11:47'),
('84','84','84','Nesciunt facilis cumque incidunt quas neque omnis. Ea quia consectetur voluptas reiciendis vel quis. Qui culpa ratione sint ut quia molestias autem. Eos exercitationem et porro quibusdam debitis.','2015-09-07 09:36:25'),
('85','85','85','Dolor cupiditate voluptas ducimus perferendis soluta et qui. Quidem dolorem harum magnam qui et vitae aut. Eum in praesentium officia consequatur quisquam eum. In qui ut neque consequatur cumque.','1984-09-25 15:36:05'),
('86','86','86','Quos qui atque aperiam est. Sapiente quo non rerum ipsum alias inventore nam.','2008-03-31 08:00:40'),
('87','87','87','Quod saepe qui earum dolor numquam. Autem est sed modi ducimus corrupti. Laudantium illo voluptatem atque itaque dicta soluta enim.','1995-10-09 23:55:30'),
('88','88','88','Doloremque voluptate quas facilis et. Harum vitae velit numquam perferendis dolores. Sint neque natus est assumenda vitae. Nesciunt eius enim id rem quibusdam.','2012-12-20 08:19:05'),
('89','89','89','In optio totam veniam magnam ipsa consequatur harum. Illum eos cumque qui repudiandae neque rerum. Id dicta est sit voluptatem architecto quis. Maiores harum ut aperiam cumque.','1975-06-13 17:02:21'),
('90','90','90','Quis ipsum eligendi tempora et corporis. Ipsam voluptas et expedita sit nulla et quasi. Id necessitatibus ut ullam ratione error et nemo. Nemo assumenda blanditiis dolore ad.','1998-02-05 13:27:36'),
('91','91','91','Illum voluptas deserunt aperiam dolor nesciunt. Aut ut et iure ipsum vel provident unde. Est quibusdam sapiente ex. Dolores aliquid occaecati sit qui omnis rerum sed.','2003-08-24 20:10:17'),
('92','92','92','Dolor hic sed optio consequatur ab. Optio id ipsam explicabo asperiores non tempora id. Repellendus soluta adipisci ut consequatur doloribus velit.','1995-05-08 10:11:51'),
('93','93','93','Veritatis dolore qui totam tempora ab pariatur. Ab et aspernatur molestias et sunt maiores. Debitis qui et rerum distinctio quis sed. Dolorem non neque cupiditate ducimus sit corporis praesentium.','1998-09-13 09:02:29'),
('94','94','94','Voluptatem rem velit sed omnis sint ut et officia. Sunt sed sed aperiam nesciunt. Consectetur qui consequatur sunt aut harum quibusdam praesentium sunt.','2000-12-04 08:26:46'),
('95','95','95','Eum voluptate ut voluptas et ut. Minima quia magnam ipsam consequatur laudantium. Minima ad repellendus laborum. Odio voluptatum ut in earum. Omnis ducimus dolore harum ut cum.','1977-09-05 13:24:33'),
('96','96','96','Sed nam reprehenderit cumque. Exercitationem ut eum facilis quia fuga. Atque assumenda dolor neque asperiores eos nihil maiores.','1975-07-01 18:30:36'),
('97','97','97','Repudiandae dolores iusto debitis aut et aut qui. Soluta facere illum ipsum culpa. Tenetur corrupti ut magnam porro optio aspernatur.','2015-10-11 08:05:52'),
('98','98','98','Ut odio atque rem quis blanditiis repudiandae. Vel autem quaerat vel consectetur quod vero. Quae et provident totam atque dolorem. Aut consequatur qui perspiciatis repellat.','2017-11-04 10:57:10'),
('99','99','99','Consectetur impedit sed et nemo inventore. Eius quibusdam alias nihil cumque et tempora. Est est ut autem voluptatem.','2008-01-28 15:25:22'),
('100','100','100','Et hic aut odio atque aperiam sed voluptatem accusantium. Commodi reiciendis quis aut maiores. Odio laudantium et quod voluptatem aspernatur eligendi reiciendis.','1972-04-13 09:48:34'); 


DROP TABLE IF EXISTS `photo_albums`;
CREATE TABLE `photo_albums` (
  `id` bigint(20) unsigned NOT NULL AUTO_INCREMENT,
  `name` varchar(255) COLLATE utf8_unicode_ci DEFAULT NULL,
  `user_id` bigint(20) unsigned DEFAULT NULL,
  PRIMARY KEY (`id`),
  UNIQUE KEY `id` (`id`),
  KEY `user_id` (`user_id`),
  CONSTRAINT `photo_albums_ibfk_1` FOREIGN KEY (`user_id`) REFERENCES `users` (`id`)
) ENGINE=InnoDB AUTO_INCREMENT=101 DEFAULT CHARSET=utf8 COLLATE=utf8_unicode_ci;

INSERT INTO `photo_albums` VALUES ('1','sunt','1'),
('2','enim','2'),
('3','et','3'),
('4','et','4'),
('5','qui','5'),
('6','provident','6'),
('7','qui','7'),
('8','esse','8'),
('9','quibusdam','9'),
('10','voluptates','10'),
('11','saepe','11'),
('12','dolores','12'),
('13','odit','13'),
('14','aspernatur','14'),
('15','et','15'),
('16','aperiam','16'),
('17','voluptas','17'),
('18','modi','18'),
('19','dolorem','19'),
('20','consequatur','20'),
('21','iste','21'),
('22','minus','22'),
('23','in','23'),
('24','consequatur','24'),
('25','voluptas','25'),
('26','asperiores','26'),
('27','possimus','27'),
('28','et','28'),
('29','porro','29'),
('30','est','30'),
('31','sed','31'),
('32','voluptatem','32'),
('33','exercitationem','33'),
('34','doloribus','34'),
('35','architecto','35'),
('36','et','36'),
('37','dolores','37'),
('38','velit','38'),
('39','consequuntur','39'),
('40','et','40'),
('41','rem','41'),
('42','mollitia','42'),
('43','ipsum','43'),
('44','voluptatem','44'),
('45','beatae','45'),
('46','eos','46'),
('47','fuga','47'),
('48','perspiciatis','48'),
('49','amet','49'),
('50','minus','50'),
('51','esse','51'),
('52','eos','52'),
('53','est','53'),
('54','iusto','54'),
('55','at','55'),
('56','magni','56'),
('57','et','57'),
('58','facere','58'),
('59','molestiae','59'),
('60','rerum','60'),
('61','adipisci','61'),
('62','et','62'),
('63','ut','63'),
('64','iure','64'),
('65','deserunt','65'),
('66','quis','66'),
('67','nesciunt','67'),
('68','eligendi','68'),
('69','aliquam','69'),
('70','consequatur','70'),
('71','atque','71'),
('72','officia','72'),
('73','cupiditate','73'),
('74','esse','74'),
('75','fuga','75'),
('76','distinctio','76'),
('77','vero','77'),
('78','autem','78'),
('79','magni','79'),
('80','natus','80'),
('81','aperiam','81'),
('82','sint','82'),
('83','velit','83'),
('84','fuga','84'),
('85','rerum','85'),
('86','consequatur','86'),
('87','veritatis','87'),
('88','minus','88'),
('89','nobis','89'),
('90','facilis','90'),
('91','et','91'),
('92','est','92'),
('93','autem','93'),
('94','porro','94'),
('95','qui','95'),
('96','sit','96'),
('97','id','97'),
('98','nulla','98'),
('99','dolorem','99'),
('100','nisi','100'); 


DROP TABLE IF EXISTS `photos`;
CREATE TABLE `photos` (
  `id` bigint(20) unsigned NOT NULL AUTO_INCREMENT,
  `album_id` bigint(20) unsigned NOT NULL,
  `media_id` bigint(20) unsigned NOT NULL,
  PRIMARY KEY (`id`),
  KEY `album_id` (`album_id`),
  KEY `media_id` (`media_id`),
  CONSTRAINT `photos_ibfk_1` FOREIGN KEY (`album_id`) REFERENCES `photo_albums` (`id`),
  CONSTRAINT `photos_ibfk_2` FOREIGN KEY (`media_id`) REFERENCES `media` (`id`)
) ENGINE=InnoDB AUTO_INCREMENT=101 DEFAULT CHARSET=utf8 COLLATE=utf8_unicode_ci;

INSERT INTO `photos` VALUES ('1','1','1'),
('2','2','2'),
('3','3','3'),
('4','4','4'),
('5','5','5'),
('6','6','6'),
('7','7','7'),
('8','8','8'),
('9','9','9'),
('10','10','10'),
('11','11','11'),
('12','12','12'),
('13','13','13'),
('14','14','14'),
('15','15','15'),
('16','16','16'),
('17','17','17'),
('18','18','18'),
('19','19','19'),
('20','20','20'),
('21','21','21'),
('22','22','22'),
('23','23','23'),
('24','24','24'),
('25','25','25'),
('26','26','26'),
('27','27','27'),
('28','28','28'),
('29','29','29'),
('30','30','30'),
('31','31','31'),
('32','32','32'),
('33','33','33'),
('34','34','34'),
('35','35','35'),
('36','36','36'),
('37','37','37'),
('38','38','38'),
('39','39','39'),
('40','40','40'),
('41','41','41'),
('42','42','42'),
('43','43','43'),
('44','44','44'),
('45','45','45'),
('46','46','46'),
('47','47','47'),
('48','48','48'),
('49','49','49'),
('50','50','50'),
('51','51','51'),
('52','52','52'),
('53','53','53'),
('54','54','54'),
('55','55','55'),
('56','56','56'),
('57','57','57'),
('58','58','58'),
('59','59','59'),
('60','60','60'),
('61','61','61'),
('62','62','62'),
('63','63','63'),
('64','64','64'),
('65','65','65'),
('66','66','66'),
('67','67','67'),
('68','68','68'),
('69','69','69'),
('70','70','70'),
('71','71','71'),
('72','72','72'),
('73','73','73'),
('74','74','74'),
('75','75','75'),
('76','76','76'),
('77','77','77'),
('78','78','78'),
('79','79','79'),
('80','80','80'),
('81','81','81'),
('82','82','82'),
('83','83','83'),
('84','84','84'),
('85','85','85'),
('86','86','86'),
('87','87','87'),
('88','88','88'),
('89','89','89'),
('90','90','90'),
('91','91','91'),
('92','92','92'),
('93','93','93'),
('94','94','94'),
('95','95','95'),
('96','96','96'),
('97','97','97'),
('98','98','98'),
('99','99','99'),
('100','100','100'); 


DROP TABLE IF EXISTS `posts`;
CREATE TABLE `posts` (
  `id` bigint(20) unsigned NOT NULL AUTO_INCREMENT,
  `media_id` bigint(20) unsigned NOT NULL,
  `user_id` bigint(20) unsigned NOT NULL,
  `text` text COLLATE utf8_unicode_ci DEFAULT NULL,
  `created_at` datetime DEFAULT current_timestamp(),
  `updated_at` datetime DEFAULT current_timestamp() ON UPDATE current_timestamp(),
  PRIMARY KEY (`id`),
  KEY `user_id` (`user_id`),
  KEY `media_id` (`media_id`),
  CONSTRAINT `posts_ibfk_1` FOREIGN KEY (`media_id`) REFERENCES `media` (`id`),
  CONSTRAINT `posts_ibfk_2` FOREIGN KEY (`user_id`) REFERENCES `users` (`id`)
) ENGINE=InnoDB AUTO_INCREMENT=101 DEFAULT CHARSET=utf8 COLLATE=utf8_unicode_ci;

INSERT INTO `posts` VALUES ('1','1','1','Illo nam nihil quia et officiis. Eos nisi aliquam maxime porro et. Nemo placeat perspiciatis vitae corporis molestiae est. Aut voluptate quam omnis rerum est quae odit.','1990-03-11 11:33:57','1972-07-10 18:22:16'),
('2','2','2','Voluptate quo unde placeat excepturi. Similique vero sint rem id. Sit cupiditate vero velit doloribus. Et dolorum fugiat doloribus est.','1977-04-03 12:13:08','2010-04-04 06:56:06'),
('3','3','3','Eum deleniti qui ad debitis dolore. Est blanditiis eligendi non fuga rerum. Quo et omnis sed nesciunt.','1977-01-27 21:52:55','2006-09-07 17:45:06'),
('4','4','4','Est omnis illum temporibus sequi corrupti iure consequatur. Nesciunt exercitationem quo rem quis quae possimus est. Quia harum eligendi dolor corrupti consequatur cumque.','2012-10-04 05:05:54','2014-05-09 21:20:02'),
('5','5','5','Aliquid sed excepturi ut rerum. Non incidunt fugiat iure velit fugiat.\nSit perspiciatis sunt et nemo non architecto. Rerum sit et harum iste reprehenderit quo quod.','1995-04-16 18:59:44','1983-05-10 21:20:06'),
('6','6','6','Impedit numquam harum fuga voluptatem iure maiores. Debitis nulla consequatur rerum et sit recusandae.\nTempore porro nesciunt cum repellendus. Consequuntur modi libero possimus cumque sunt.','1991-10-26 00:14:14','1990-04-08 18:25:01'),
('7','7','7','Accusantium sed magni odit odio qui aut incidunt. Nostrum explicabo placeat dolore ex. Exercitationem consequatur fuga explicabo quia non magni consequatur.','2015-05-18 19:00:10','2018-02-09 07:37:34'),
('8','8','8','Velit quas et ipsum. Enim veniam enim quae dolore tempora. Sit magnam ratione at quia ut sequi.','1983-02-10 20:46:30','1972-07-25 14:07:01'),
('9','9','9','Accusantium culpa omnis voluptas aperiam impedit. Odio assumenda ex aut rerum qui non ut nisi. Veniam odit unde rerum occaecati nulla fuga. Velit commodi consequuntur magni delectus.','1982-02-17 18:37:38','2007-12-10 07:20:27'),
('10','10','10','Aut expedita quidem suscipit perspiciatis. Laboriosam reiciendis laudantium quaerat a suscipit. Accusamus qui eos fuga id corporis possimus.','1992-10-25 11:59:29','1993-12-23 14:19:22'),
('11','11','11','Facilis accusamus dolores sed modi totam. Quam qui quod molestiae autem. Velit similique expedita in.','1985-11-17 02:01:37','1987-02-11 20:28:06'),
('12','12','12','Qui ratione officiis aliquid. Cumque neque nihil assumenda quia eligendi maiores unde sed. Magnam est voluptas et aliquam ab. Vero ut laboriosam sint sunt voluptatem.','1994-11-18 14:30:08','2020-04-08 18:16:06'),
('13','13','13','Iste aliquid dolorum qui. Et iste magnam dolorum rerum eaque hic. Ducimus sint veritatis est odio sed.','1993-03-09 21:28:09','2015-02-21 18:17:46'),
('14','14','14','Placeat explicabo sit quisquam asperiores ad. Cum expedita corporis aspernatur inventore officia pariatur dicta autem. Est consequuntur et rem beatae in omnis harum.','1994-07-13 08:23:23','2015-12-18 15:26:12'),
('15','15','15','Et veritatis illo voluptas. Velit eos recusandae voluptas inventore libero est. Veniam porro quos id aut ducimus.\nEt culpa hic et libero numquam voluptatibus. Inventore architecto commodi nemo.','2008-07-12 19:41:35','2010-11-23 20:03:17'),
('16','16','16','Laboriosam ab sint neque rerum cupiditate enim. Alias enim modi aut commodi laboriosam. Eaque vel sequi quaerat blanditiis voluptatem.','2008-09-18 19:12:40','1999-12-20 15:15:43'),
('17','17','17','Quas rerum temporibus tenetur magnam animi adipisci libero. Consequatur possimus velit ea officia recusandae officia ullam. Sit voluptas tempora nulla. Saepe impedit architecto quis omnis.','1994-01-14 03:22:24','2014-12-12 15:54:47'),
('18','18','18','Cupiditate aut itaque ipsa consequatur laborum. Ullam tempore minima ducimus voluptate. Optio quibusdam dolor voluptatem voluptatibus voluptates consectetur.','2015-01-23 12:23:54','1982-05-27 15:01:47'),
('19','19','19','Voluptas est neque saepe voluptatibus ullam. Nemo voluptatum officia aut consequatur illo id quis. Voluptatem ullam eligendi commodi.','1970-03-24 00:02:39','2008-04-20 19:15:07'),
('20','20','20','Sit necessitatibus illo aliquam architecto architecto. Sit blanditiis animi autem. Aperiam quo nesciunt pariatur. Temporibus ipsam non dolores quo. Explicabo ut consequatur iste laboriosam sint.','1993-03-29 07:04:46','2018-10-02 21:52:23'),
('21','21','21','Ut ipsum dolores voluptates beatae sit natus aspernatur. Quos aut sed excepturi deleniti. Adipisci animi pariatur vel perspiciatis inventore.','1982-06-25 23:32:32','2016-12-11 14:44:44'),
('22','22','22','Et nam hic similique aut sint. Similique eius reiciendis suscipit aperiam. Accusantium aut delectus sint vel reiciendis culpa.','2020-01-14 03:05:18','2013-06-02 23:57:30'),
('23','23','23','Sed autem consequatur exercitationem perferendis molestias quae. Excepturi explicabo enim ut et esse quod. Ratione et earum in animi sed commodi. Laudantium similique voluptates quibusdam nihil.','1972-01-27 03:18:19','1986-03-29 19:46:13'),
('24','24','24','Harum nostrum aperiam eius cum. Nesciunt fugit sit rerum. Nihil corporis voluptates aut cumque incidunt voluptas. Rerum ad vel assumenda fugiat ut cum.','2017-05-09 17:38:54','1971-07-26 17:56:17'),
('25','25','25','Sit possimus quod aut iure. Qui dolor eos voluptatem.','2007-02-17 12:35:58','2002-02-19 11:22:06'),
('26','26','26','Ut rerum et quaerat placeat eum. Ut autem earum itaque quia odit. Illo commodi excepturi explicabo a.','1982-12-13 01:49:30','2013-07-03 01:34:42'),
('27','27','27','Impedit quis numquam hic repellendus itaque similique qui. Maiores non maxime et earum quia ullam accusantium voluptas.','1996-06-03 08:17:43','2008-11-22 05:54:05'),
('28','28','28','Occaecati totam tempora incidunt repellat magnam. Quaerat soluta alias est.','1974-08-07 04:57:18','1983-04-28 15:27:06'),
('29','29','29','Esse minus aspernatur quos voluptatibus magnam voluptatem saepe. Nobis omnis provident qui sed. Voluptatem et vitae nisi dolor numquam est facere.','1990-09-22 16:04:34','2009-05-10 05:16:43'),
('30','30','30','Mollitia voluptatem quis omnis sed quia cupiditate. Exercitationem voluptatem quaerat omnis vel. Rem adipisci similique aliquid commodi in.','2005-11-30 04:41:41','1985-09-16 01:37:19'),
('31','31','31','Id consequatur est mollitia rerum. Iure quo consequatur beatae consectetur earum. Sit qui omnis id nesciunt id. Quos saepe iste velit culpa.','2008-01-29 18:53:47','2007-02-23 22:47:30'),
('32','32','32','Commodi dolor neque ab qui accusantium dolores. Enim pariatur autem quis fuga quia est. Rerum molestias nulla corporis est.','2004-10-17 12:20:30','2010-04-05 17:55:34'),
('33','33','33','Expedita autem magni amet quo. Et distinctio fugiat ullam aut. Quis incidunt aut omnis quasi eaque unde praesentium.','2010-12-19 04:41:48','1996-07-08 04:03:16'),
('34','34','34','Voluptas ea ratione veritatis nulla. Sunt iure qui autem velit aut sit praesentium aut. Qui non ad ea aut quidem. Vitae sed ab praesentium deserunt sed ut.','1974-06-14 16:46:05','2020-03-06 01:56:30'),
('35','35','35','Corporis alias quasi voluptatum dolorem. Quod provident repellendus at consectetur doloribus optio et. Maxime a voluptatibus pariatur qui molestiae sunt sequi.','1992-11-03 20:09:46','1983-10-26 13:47:03'),
('36','36','36','Commodi quo error vel rem quis ullam. Est et fuga in recusandae ipsa rerum. Et magni et praesentium aut. In aut molestiae et exercitationem.','1997-10-05 00:48:14','1982-09-05 01:30:29'),
('37','37','37','Quod aliquam eos dolor ullam eos laboriosam ab. Quis tenetur labore occaecati natus molestiae. Cupiditate omnis quia dicta recusandae aperiam modi.','2004-07-03 04:30:43','2006-01-29 01:59:11'),
('38','38','38','Eveniet quae eum maxime quod eum dolorum. Qui repellendus nesciunt quo voluptatibus. Nemo dolorem cumque sequi ullam sit.','2019-05-09 04:58:42','1996-02-09 11:47:35'),
('39','39','39','Quasi officiis omnis et aut perferendis ut et. Amet illum sit velit ea aut facere id. Ipsam quasi et voluptatem illo autem aspernatur voluptates molestiae.','2019-02-04 11:24:45','1978-09-18 22:28:54'),
('40','40','40','Repellendus cum culpa qui quia quo nulla qui. Corrupti possimus sed est. Eligendi placeat commodi et ex voluptas. Cupiditate minima repellat voluptatibus non.','2014-11-30 21:19:13','1984-09-19 10:29:50'),
('41','41','41','Aut cum doloremque tempore ut in. Vel ullam pariatur mollitia aliquam deleniti. Voluptatem quae et nihil officiis animi.','2009-08-13 12:50:51','1978-12-16 01:28:17'),
('42','42','42','Rerum necessitatibus dolor ex ipsam sapiente minus. Sit tempora voluptatibus error est. Dolorum neque consequuntur voluptas.','1996-11-04 19:14:14','2018-01-30 05:11:14'),
('43','43','43','Est omnis vel magni totam numquam placeat. Possimus quis dolorem eligendi dolorem nam magnam. Quia placeat voluptates harum autem error ad cupiditate.','1976-11-23 11:12:34','1980-01-02 11:06:58'),
('44','44','44','Est qui porro velit et natus facere. Rem perspiciatis molestiae ipsam accusantium non sed velit. Eos deserunt aut et cumque aut. Ut sed ut doloribus.','2014-10-21 21:44:36','1994-12-09 08:25:08'),
('45','45','45','Hic sint nihil nemo est fugiat consequatur. Repellat sint reiciendis aut mollitia eaque odio.','1992-03-09 14:46:54','1997-04-10 08:23:58'),
('46','46','46','Voluptas sequi vitae fugiat iste. Molestias enim reprehenderit et aperiam ipsum. Perferendis ducimus incidunt sunt sint. Expedita hic error facere.','2010-11-27 01:59:17','2000-10-31 07:54:04'),
('47','47','47','Ut temporibus voluptas harum molestias fuga perferendis laboriosam. Sint fuga quaerat ut odio. Accusantium sequi labore aut et excepturi fugiat ipsum eos.','1989-03-18 22:08:01','1975-12-09 10:39:27'),
('48','48','48','Mollitia dolor et itaque molestiae eos. Et voluptatem commodi nam et. Ratione illo et esse velit qui ducimus quidem. Qui qui ea et omnis aspernatur aut eius.','1992-12-19 13:22:29','2018-08-08 15:47:20'),
('49','49','49','Et autem necessitatibus dignissimos hic magni. Et aliquam quo et quasi.','2013-10-27 14:08:04','2019-09-26 02:03:33'),
('50','50','50','Impedit ipsum fugiat tempora officiis fugit pariatur. Quia est aliquid quam dignissimos aut illo sit. Non praesentium vel neque vel qui maiores.','2011-11-20 01:02:21','2005-07-27 15:45:07'),
('51','51','51','Quas possimus et quaerat quas. Est aliquam sed sed quo quas consequuntur. Occaecati tempora earum dicta atque id officia odit dignissimos.','1974-02-23 20:05:52','1971-01-09 05:36:08'),
('52','52','52','Laudantium sed modi in quae magni. Consequatur magnam id est. Rerum explicabo illo animi ut sint.','1986-09-06 08:59:30','2004-04-10 09:23:16'),
('53','53','53','Consequuntur et molestias sed expedita quis facilis omnis. Reiciendis ut in dolores quo. Sint quia aliquid voluptatibus officiis consequatur.','2016-09-08 16:30:16','2000-04-20 21:13:50'),
('54','54','54','Sapiente ipsum enim qui autem molestiae voluptas. Autem inventore aut dolorum dolor. Architecto inventore et delectus. Voluptate doloremque occaecati exercitationem est culpa beatae accusantium.','2001-09-28 07:47:45','2002-05-26 19:32:17'),
('55','55','55','Nihil quae molestiae reprehenderit maxime. Tempora omnis aut aut dolor architecto. Necessitatibus autem qui aut dolorum hic. Explicabo magni sequi odit molestiae eaque quia.','2019-08-15 07:31:19','1998-05-09 07:54:44'),
('56','56','56','Unde quisquam quasi et necessitatibus. Voluptatem esse atque sunt est minima dolorem. Quisquam quaerat doloribus magni nihil nobis qui dignissimos.','1974-05-06 10:22:07','1998-12-11 22:08:11'),
('57','57','57','Velit nobis et itaque possimus eum est ut. Eveniet est nihil vitae vitae aut deserunt ratione. Expedita est et eligendi qui.','2014-01-25 09:15:15','1987-07-24 07:26:34'),
('58','58','58','Nulla consequatur tenetur labore est voluptatem. Aut voluptatibus ut rerum rerum ut nesciunt. Et totam quis deserunt aliquid et eum nesciunt enim.','2005-10-01 14:23:39','1989-05-05 13:00:47'),
('59','59','59','Voluptatum sit quia voluptatem recusandae. Molestias qui exercitationem eos nisi quia culpa iste. Nobis iure iste omnis cum. Sequi reiciendis omnis et dolore ut.','1984-09-06 15:27:01','2014-05-08 19:46:38'),
('60','60','60','Eum consectetur ratione voluptatibus veritatis. Fugiat quia mollitia optio nostrum minima odio. Sed aliquam aut qui voluptatibus.','1987-04-15 22:35:19','1991-05-05 11:43:40'),
('61','61','61','Veniam assumenda perspiciatis repellendus quod tenetur earum voluptatem. Rem nisi molestiae reiciendis et occaecati laudantium optio sunt. Ut consequatur nulla commodi quia in aut.','1979-03-09 18:37:56','1998-12-18 13:11:06'),
('62','62','62','Ab nam saepe repellat totam maiores. Provident assumenda fugit soluta vero non rerum. Corporis mollitia nihil ullam quasi.','1991-06-20 10:08:49','1991-04-14 16:17:06'),
('63','63','63','Et voluptas animi voluptate reprehenderit. Consequuntur aperiam quis at quod eum non beatae. Iure voluptas debitis quam suscipit delectus deserunt. Et dolorum quia aut fugit iste.','2014-03-18 02:25:19','1990-12-06 07:33:48'),
('64','64','64','Dolores magni sapiente sit reprehenderit aut. Minus voluptas est quod ipsum praesentium sed et. Maiores quia officia omnis incidunt. Aperiam exercitationem saepe est adipisci voluptas neque.','1990-05-30 16:55:54','1982-02-23 05:40:03'),
('65','65','65','Rem alias atque quos eos et harum inventore dolore. Tenetur error rerum alias similique aliquam aut. Exercitationem molestiae id sit adipisci debitis dicta dolor necessitatibus.','1979-06-19 04:50:20','1989-08-09 01:44:12'),
('66','66','66','Tempore sunt laboriosam ut et quo laudantium qui. Repellat qui quod debitis placeat. Veritatis labore quia sit sit magnam consequatur quo.','1980-10-20 11:14:41','1995-12-02 09:31:50'),
('67','67','67','Repellendus repudiandae quia corrupti blanditiis. Id delectus id officia cupiditate qui a sunt dolorum. Fuga est velit aut eos. Placeat quia sunt ratione rerum esse.','2013-03-10 15:09:24','1998-06-29 00:45:42'),
('68','68','68','Est sunt dolor magni vero dolor. Nihil et architecto dolorum explicabo. Eius eum consequatur alias repudiandae itaque nulla non. Dolorem non asperiores quibusdam itaque sed.','1976-02-02 18:51:23','1993-05-11 01:34:23'),
('69','69','69','Tenetur ullam delectus cupiditate aut sit. Possimus fuga aut voluptatum. Consequuntur nostrum vel perspiciatis voluptatem. Iure dignissimos ut necessitatibus distinctio aut aut commodi.','2009-02-08 07:23:35','2016-01-21 22:34:39'),
('70','70','70','Sequi ipsum aut nulla vitae repellendus est. Praesentium maxime in et facere eos eveniet cum. Aut consequatur fugiat nisi voluptate enim est necessitatibus at.','1979-01-17 11:07:56','1973-07-29 00:26:30'),
('71','71','71','Itaque maxime laborum soluta velit. Voluptates voluptatem quis et. Et molestiae repellat ea veritatis iste.\nEum ut mollitia a odio et nostrum qui. Quis non esse repudiandae libero.','1971-04-21 18:48:04','1983-10-12 03:09:45'),
('72','72','72','Omnis aut quo quo reiciendis aut enim. Voluptatem eaque aperiam atque. Enim numquam aut qui accusamus commodi quia dolorem. Quia impedit quibusdam fugiat adipisci sit excepturi reprehenderit omnis.','1974-12-29 08:10:00','1995-07-26 04:26:00'),
('73','73','73','Quibusdam nihil magni dolor eveniet. Voluptates nulla rerum delectus molestiae atque et. Sed vitae minima tempore deserunt sed dolorum laborum. Aut rem quos et accusamus sit.','2000-07-31 22:31:05','2007-09-05 23:32:49'),
('74','74','74','Deleniti rerum aspernatur voluptas non atque maiores quisquam. Ducimus quia dignissimos tempora eligendi minus velit. Nulla facere a non culpa aut dignissimos.','1987-10-28 03:47:11','1986-09-22 21:38:24'),
('75','75','75','Blanditiis soluta laudantium veritatis maxime vel dolor. Ratione veritatis possimus cumque atque at quam. Rerum culpa corporis qui quibusdam aut aut quis vero.','1994-07-07 06:17:14','2014-02-12 15:26:55'),
('76','76','76','Nulla sed omnis aut. Cupiditate iusto minima consequatur repellendus. Soluta unde natus quo id ut sequi laboriosam corporis. Occaecati eius facere eius ullam consequatur velit.','1979-05-28 10:44:08','1974-11-07 04:57:57'),
('77','77','77','Enim laboriosam quis vitae iusto in quae. Eos tempora quidem neque ex perferendis accusamus rem. Et sunt aut ut aut.','2004-06-19 01:28:34','1983-09-12 05:54:13'),
('78','78','78','Et corporis pariatur aspernatur illum ab. Blanditiis tempora aut deserunt voluptatem fugiat maxime.','1990-06-13 02:01:19','1986-11-25 15:07:37'),
('79','79','79','Non consectetur hic quasi. Occaecati veniam corrupti quia aut esse earum ullam ducimus. Enim et ipsum ut exercitationem et. Explicabo eos libero repudiandae voluptatibus.','1980-01-25 16:29:40','1997-07-09 00:08:40'),
('80','80','80','Quod molestiae itaque voluptatem inventore reprehenderit. Omnis temporibus voluptatem tempore natus qui. Omnis doloribus voluptatem beatae et veniam.','2000-08-23 16:15:33','2005-05-12 06:34:17'),
('81','81','81','Eum totam est est architecto aut quis sint mollitia. Quibusdam ipsum cumque rerum quaerat. Esse voluptas quis ipsum eum deleniti dolore.','1972-11-19 23:41:16','1972-11-12 10:46:18'),
('82','82','82','Impedit ut hic est. Quod quo id fugit sunt. Placeat est aut fugit rem.','1977-12-08 22:32:21','1993-12-17 15:58:14'),
('83','83','83','Odit ut nam eum eum. Velit nostrum quia repudiandae error. Ab reiciendis eum laborum nostrum nisi. Sapiente aut voluptatem natus perspiciatis.','1977-01-06 15:04:20','2017-02-15 09:35:36'),
('84','84','84','Facilis quia illo eius sed. Explicabo quo autem molestias. Veniam nesciunt magni ex omnis.','1978-04-27 15:29:55','2004-11-08 09:03:48'),
('85','85','85','Doloremque quidem dolorem magni quibusdam dolor suscipit consequuntur. Est porro reprehenderit commodi autem omnis at. Et atque qui qui non itaque. Velit commodi debitis quia ut maiores fuga.','2004-04-02 22:13:28','2003-03-19 15:22:45'),
('86','86','86','Dolor odio magni error pariatur ea consequatur. Quae cumque aut commodi impedit consequatur consequatur cupiditate.','2016-10-26 15:30:06','2008-01-10 09:03:07'),
('87','87','87','A laboriosam sit amet sed. Magnam commodi impedit optio voluptatibus. Rerum sed aut voluptas est illo at eum rem.','1992-04-02 14:09:17','2009-09-29 14:39:56'),
('88','88','88','Quod ad dolorum deleniti. Officiis consectetur sunt libero alias corrupti alias tempore. Aut adipisci reiciendis est sint eius.','1996-05-18 00:01:19','1976-09-27 00:27:02'),
('89','89','89','Est est aut ipsa commodi ut. Id assumenda ut quos non vero. Deserunt debitis illum rerum.\nDoloremque possimus pariatur architecto voluptatem excepturi id. Nulla laboriosam unde quis voluptatem.','1988-05-11 21:30:54','2018-12-04 00:13:05'),
('90','90','90','A perferendis earum ut voluptas et aut nisi. Mollitia et dolorem illum temporibus aut. Voluptas consequatur quaerat officia rem et placeat.','1988-04-24 11:05:05','1971-04-04 23:57:24'),
('91','91','91','Ipsam qui aut quod laborum provident quas. Quam iusto ex deleniti mollitia quis et asperiores. Temporibus tempore odit ab maiores.','1988-06-21 22:11:34','2013-06-18 17:34:58'),
('92','92','92','Quia aut eos facere soluta deleniti qui similique molestiae. Et inventore minus dolorem quidem molestiae amet possimus numquam. Quo est sequi beatae expedita consectetur illo.','1990-11-26 19:03:48','2005-01-10 04:39:35'),
('93','93','93','Impedit non quia enim architecto. Odio quas sed unde odio voluptatem quod nulla. Velit et voluptatum culpa.','1998-07-31 15:52:11','1980-08-25 23:53:04'),
('94','94','94','Sapiente sit autem nostrum qui expedita recusandae aspernatur. Sequi rerum vitae omnis maiores eum rerum. Omnis quisquam quas dignissimos necessitatibus sed voluptas explicabo.','1979-12-14 15:09:20','1991-06-06 01:18:31'),
('95','95','95','Illo dolor maiores quia perspiciatis. Facere beatae deserunt ut sed minus similique molestiae sint. Eveniet et et incidunt et aliquid sed ratione.','1972-05-29 05:09:57','1970-03-23 12:40:38'),
('96','96','96','Qui aut facere fugiat molestias laboriosam pariatur. Qui vel et enim expedita vitae corrupti. Velit repellendus explicabo ratione ex. Nihil tenetur sed autem cum.','1973-09-05 04:05:10','1993-08-15 12:43:44'),
('97','97','97','Laudantium enim aut nihil voluptatem sunt eius. Velit et inventore necessitatibus ipsa. Porro dolores doloremque dolore voluptates libero commodi ratione.','1988-07-06 03:53:29','2002-10-16 09:02:13'),
('98','98','98','Non enim id veritatis voluptatem molestiae voluptates. Corrupti eaque omnis ipsa omnis praesentium ex. Quia delectus labore omnis. Veniam quis autem natus autem tenetur.','2004-01-15 08:47:03','1974-12-18 21:23:38'),
('99','99','99','Est et ut magnam non culpa. Recusandae incidunt est perferendis illum in dolore. Accusantium rem non et sed aut est et. Rerum natus necessitatibus aut sed id corrupti eum.','2014-06-04 21:42:15','2013-09-12 10:13:41'),
('100','100','100','Deleniti sit molestiae at laborum sit maxime. Omnis sint dolores tempore illum voluptate. Porro tempora inventore magni impedit.','2005-04-27 23:02:02','2020-01-17 21:35:31'); 


DROP TABLE IF EXISTS `profiles`;
CREATE TABLE `profiles` (
  `user_id` bigint(20) unsigned NOT NULL AUTO_INCREMENT,
  `gender` char(1) COLLATE utf8_unicode_ci DEFAULT NULL,
  `birthday` date DEFAULT NULL,
  `photo_id` bigint(20) unsigned DEFAULT NULL,
  `created_at` datetime DEFAULT current_timestamp(),
  `hometown` varchar(100) COLLATE utf8_unicode_ci DEFAULT NULL,
  PRIMARY KEY (`user_id`),
  CONSTRAINT `profiles_ibfk_1` FOREIGN KEY (`user_id`) REFERENCES `users` (`id`) ON UPDATE CASCADE
) ENGINE=InnoDB AUTO_INCREMENT=101 DEFAULT CHARSET=utf8 COLLATE=utf8_unicode_ci;

INSERT INTO `profiles` VALUES ('1','M','2014-01-31','1','1980-01-19 01:09:50','Berenicefort'),
('2','M','1981-11-04','2','1997-07-02 13:43:10','Klingfort'),
('3','M','2008-04-20','3','2010-10-23 18:35:24','West Mortimer'),
('4','F','1982-12-11','4','2014-02-23 10:54:26','Trishamouth'),
('5','M','1996-02-10','5','1989-11-20 10:10:55','Larkintown'),
('6','M','1999-10-22','6','1985-03-06 18:05:55','West Halleborough'),
('7','M','1971-01-17','7','1991-02-14 12:33:09','Evanville'),
('8','F','1976-01-14','8','2001-12-10 13:42:20','Port Reina'),
('9','M','1992-03-28','9','1976-04-09 03:40:27','New Zaneport'),
('10','M','2008-09-25','10','2010-08-30 05:15:22','Port Leo'),
('11','M','1975-07-05','11','2015-01-20 03:10:45','Lake Lennie'),
('12','F','1988-05-07','12','1993-08-25 11:41:08','South Giovannahaven'),
('13','M','2016-06-06','13','2005-12-06 12:35:30','Port Alyssonville'),
('14','M','2012-08-08','14','2008-03-05 11:01:39','Roderickview'),
('15','M','1993-02-13','15','1970-09-07 05:34:45','Leslieshire'),
('16','M','1990-09-14','16','2017-04-28 20:40:12','South Lavada'),
('17','M','2013-04-13','17','1980-12-17 00:07:20','Eloisechester'),
('18','M','2013-07-27','18','1984-12-07 20:59:52','South Yazmin'),
('19','F','2013-07-16','19','2008-10-24 16:23:14','Jaydahaven'),
('20','M','2016-09-20','20','1999-06-17 22:35:42','Russelstad'),
('21','M','1976-05-26','21','1979-03-14 05:56:56','Deckowfort'),
('22','F','1991-11-06','22','1988-09-02 02:26:14','Port Aydenfurt'),
('23','F','2004-12-09','23','1992-03-08 06:48:37','South Kiara'),
('24','M','1975-02-25','24','1990-08-15 22:10:19','Rennerfort'),
('25','F','2000-02-15','25','1995-07-22 23:33:14','Kuvalisport'),
('26','F','1976-04-12','26','2007-04-29 04:46:49','East Kareem'),
('27','F','1971-08-15','27','2004-09-14 00:04:33','North Elnoraborough'),
('28','M','2008-11-23','28','2005-12-03 04:01:42','Hilpertmouth'),
('29','F','2017-04-01','29','1974-06-15 09:41:12','Letafort'),
('30','M','1988-11-27','30','1977-04-17 07:39:18','North Estherview'),
('31','M','2006-12-24','31','1977-07-27 19:47:51','South Babyland'),
('32','F','2011-10-03','32','2010-05-03 23:36:03','Hannaville'),
('33','M','2017-05-24','33','2013-05-04 21:55:17','Port Elmore'),
('34','M','2016-05-23','34','1985-10-14 17:54:41','Simonisshire'),
('35','F','1971-06-18','35','1991-10-31 11:11:39','Lelaberg'),
('36','F','1992-08-06','36','1986-10-21 14:42:35','North Alfonzoburgh'),
('37','F','1975-01-19','37','1976-09-25 11:59:55','Wilkinsonburgh'),
('38','F','1992-02-29','38','1993-02-09 21:53:03','Hayesview'),
('39','F','1982-01-22','39','2014-08-20 13:18:17','Port Dax'),
('40','M','2003-10-19','40','1976-06-05 02:59:21','Tillmanland'),
('41','F','1986-05-21','41','1998-10-14 13:53:39','Felicitachester'),
('42','F','1977-06-04','42','2007-07-05 13:26:24','Aracelyton'),
('43','M','1984-11-16','43','1990-03-28 12:01:30','New Gustave'),
('44','M','1978-09-25','44','2010-11-23 20:41:15','Lake Ulisesside'),
('45','M','1972-06-21','45','1980-12-04 09:29:13','Kesslershire'),
('46','F','2009-10-29','46','1997-11-27 02:19:42','Abshireton'),
('47','M','1970-06-04','47','1990-08-12 21:31:04','Bernhardfort'),
('48','F','2001-11-05','48','1989-06-08 08:19:50','Port Hebershire'),
('49','M','2003-05-09','49','1977-03-15 01:11:48','Cormiermouth'),
('50','M','2006-08-10','50','1973-10-08 23:56:45','North Leif'),
('51','F','1994-12-01','51','1971-10-19 05:24:22','Port Tremainestad'),
('52','F','1991-10-26','52','2008-06-07 10:12:14','Pinkiechester'),
('53','F','2009-12-15','53','1990-04-26 06:12:51','New Scot'),
('54','F','2007-08-04','54','2012-06-09 09:36:13','Port Brennatown'),
('55','F','2014-12-01','55','2006-04-23 14:45:29','Leraside'),
('56','F','1988-09-12','56','1982-01-10 21:38:46','Kertzmannchester'),
('57','F','2009-05-07','57','1980-06-22 09:17:32','Wisokychester'),
('58','F','1979-04-25','58','2012-01-05 09:14:37','South Alfredaland'),
('59','F','1989-09-29','59','2006-09-08 06:47:24','New Veronaview'),
('60','F','2000-11-17','60','2016-05-31 21:40:16','New Verdatown'),
('61','M','2004-10-26','61','2000-04-02 14:33:07','Louiefurt'),
('62','M','1987-10-14','62','2011-08-09 07:43:45','Lake Martaview'),
('63','F','2006-06-01','63','2001-10-02 00:58:19','South Miracle'),
('64','M','2014-04-20','64','2007-08-02 19:46:18','North Eleazar'),
('65','F','1992-05-21','65','2009-08-27 19:31:37','Augustaburgh'),
('66','M','2019-09-24','66','1997-05-17 08:46:45','East Kayleighhaven'),
('67','F','2001-01-18','67','1975-03-28 12:13:45','West Gabriella'),
('68','F','1987-10-14','68','1991-12-14 04:19:34','Berthabury'),
('69','M','1995-02-26','69','1992-11-03 15:09:23','North Stephany'),
('70','F','1980-03-23','70','1999-12-14 17:32:38','Shadburgh'),
('71','F','2007-08-17','71','1973-03-21 17:31:24','Waelchistad'),
('72','F','1985-05-04','72','2009-09-13 22:54:27','Geraldfurt'),
('73','F','1990-06-29','73','1973-01-08 12:29:31','South Darby'),
('74','F','2005-04-20','74','1988-03-16 17:24:14','Schinnerstad'),
('75','M','2007-07-03','75','2001-10-29 06:30:25','East Norene'),
('76','F','2003-10-28','76','2003-12-21 12:54:22','East Myrltown'),
('77','F','1987-04-18','77','2017-06-11 04:18:47','West Allytown'),
('78','F','1985-08-27','78','2005-01-18 05:14:13','Durganport'),
('79','M','1979-08-20','79','1974-06-24 11:14:23','East Theodoreville'),
('80','F','1972-06-12','80','1998-06-12 02:21:46','North Kathleenland'),
('81','M','2002-04-09','81','1970-02-25 05:52:02','Lake Mauriceport'),
('82','F','1987-09-19','82','1974-09-17 07:08:22','Port Winnifredside'),
('83','F','1976-12-06','83','1978-04-27 08:36:30','Lake Nikolas'),
('84','M','1974-03-09','84','1982-03-23 01:27:37','North Desiree'),
('85','F','2015-07-10','85','2017-08-16 21:06:26','Laurencefurt'),
('86','M','2017-11-19','86','2019-09-05 09:15:39','Greenholtberg'),
('87','F','1971-01-29','87','1992-02-11 16:36:20','North Jalen'),
('88','F','2019-04-07','88','2017-09-22 07:42:22','Auershire'),
('89','M','1993-05-05','89','2001-03-05 22:25:20','Port Delphia'),
('90','F','1987-01-27','90','1990-01-23 18:21:49','South Brooklynview'),
('91','M','1979-02-23','91','1991-06-23 11:46:44','Port Janberg'),
('92','F','1975-08-15','92','1985-11-30 16:01:00','Port Ginashire'),
('93','M','1999-04-29','93','1999-05-29 07:06:07','West Keyshawnberg'),
('94','F','1970-10-23','94','1999-02-28 21:43:04','Dewayneshire'),
('95','F','1995-10-30','95','2004-05-01 23:24:21','West Carolinemouth'),
('96','M','2005-09-06','96','1978-06-20 06:35:34','Luigiside'),
('97','M','2012-10-07','97','1985-12-29 14:45:48','Priscillabury'),
('98','M','1999-01-24','98','2007-09-18 08:16:06','West Justen'),
('99','F','1998-09-18','99','1988-08-26 21:23:23','New Allyland'),
('100','F','1995-01-16','100','2000-02-03 13:49:39','Jerdeberg'); 


DROP TABLE IF EXISTS `users`;
CREATE TABLE `users` (
  `id` bigint(20) unsigned NOT NULL AUTO_INCREMENT,
  `firstname` varchar(50) COLLATE utf8_unicode_ci DEFAULT NULL,
  `lastname` varchar(50) COLLATE utf8_unicode_ci DEFAULT NULL COMMENT '',
  `email` varchar(120) COLLATE utf8_unicode_ci DEFAULT NULL,
  `phone` bigint(20) DEFAULT NULL,
  PRIMARY KEY (`id`),
  UNIQUE KEY `email` (`email`),
  KEY `users_phone_idx` (`phone`),
  KEY `users_firstname_lastname_idx` (`firstname`,`lastname`)
) ENGINE=InnoDB AUTO_INCREMENT=101 DEFAULT CHARSET=utf8 COLLATE=utf8_unicode_ci;

INSERT INTO `users` VALUES ('1','Heather','Hagenes','o\'hara.ryan@example.net','0'),
('2','Nya','Spinka','brad.konopelski@example.org','741'),
('3','Kaia','McCullough','ireinger@example.org','7821447839'),
('4','Tom','Koepp','marion56@example.net','1'),
('5','Leann','Bahringer','muller.norwood@example.org','963'),
('6','Adam','Weimann','mandy18@example.net','857973'),
('7','Madie','Brekke','feeney.wendy@example.com','0'),
('8','Asha','Rau','wblock@example.com','968494'),
('9','Bettye','Rowe','reba.christiansen@example.com','1'),
('10','Lue','Runolfsdottir','crona.herminia@example.com','1'),
('11','Adrien','Rogahn','westley.larkin@example.net','0'),
('12','Lucie','Kertzmann','darrick53@example.net','374'),
('13','Laron','Hayes','hessel.edmund@example.com','605'),
('14','Scarlett','Carter','ubrakus@example.com','1'),
('15','Kathryne','Mills','turcotte.jaiden@example.net','101'),
('16','Shayna','Blick','virginia.stanton@example.org','0'),
('17','Brendon','Trantow','theo.mcdermott@example.net','0'),
('18','Brooke','Gottlieb','ijacobs@example.org','599076'),
('19','Dominique','Davis','marvin16@example.com','1'),
('20','Alford','Kohler','rmoen@example.net','1'),
('21','Ora','Donnelly','koch.clementina@example.net','42'),
('22','Emie','Legros','edd.daniel@example.net','8418400874'),
('23','Nyasia','Ebert','boyer.eden@example.net','29'),
('24','Ena','Abshire','johnson.powlowski@example.com','0'),
('25','Jadyn','Bailey','tdenesik@example.com','1'),
('26','Lilian','Mitchell','groberts@example.org','1'),
('27','Dewitt','Brekke','macey05@example.org','384690078'),
('28','Ardella','Rogahn','stiedemann.erick@example.org','805'),
('29','Reece','Klocko','schultz.chesley@example.net','315'),
('30','Lucas','Krajcik','botsford.darron@example.net','528'),
('31','Sylvester','Block','glover.gabrielle@example.org','1568057162'),
('32','Carmella','Hyatt','jacobs.sim@example.org','0'),
('33','Santina','Quitzon','ransom05@example.com','564'),
('34','Isai','Watsica','kuphal.olga@example.net','1'),
('35','Amiya','Heidenreich','leonora27@example.org','346094'),
('36','Maximilian','Ward','cmccullough@example.com','31'),
('37','Kailyn','Nolan','mckenzie.dean@example.com','557'),
('38','Pauline','Kreiger','becker.sandra@example.net','82'),
('39','Rylee','Kling','eunice.lueilwitz@example.com','0'),
('40','Jamaal','Kris','hhudson@example.net','682'),
('41','Camila','Langosh','kattie61@example.com','6502579423'),
('42','Vance','Spencer','hettie61@example.com','1'),
('43','Kayley','Lebsack','myrtie.kunze@example.com','7545421847'),
('44','Chad','Hayes','cartwright.alfred@example.net','0'),
('45','Jennings','Schultz','thuel@example.org','999'),
('46','Sylvester','Gulgowski','tamara34@example.org','27939'),
('47','Amaya','Cummings','xweber@example.org','234'),
('48','Imani','Lynch','george81@example.net','1'),
('49','Elta','Feest','stephan.wisozk@example.org','621170'),
('50','Triston','Schowalter','mnienow@example.com','1'),
('51','Aurore','Schoen','janie25@example.org','968979'),
('52','Carlos','Hammes','juanita.gottlieb@example.net','865'),
('53','Llewellyn','Wunsch','littel.demetris@example.com','1'),
('54','Declan','Rolfson','brandon64@example.org','43569'),
('55','Lorenza','Blanda','kole.greenfelder@example.com','26'),
('56','Bailee','Wilderman','sim.cremin@example.org','217'),
('57','Kayleigh','Ziemann','toy58@example.net','99'),
('58','Hoyt','Bednar','belle28@example.org','406820'),
('59','Easter','Batz','shane.heathcote@example.org','178644'),
('60','Marjory','Rogahn','vwhite@example.com','3'),
('61','Ansley','Raynor','wolf.clair@example.org','127916'),
('62','Flo','Johnson','hoeger.francesco@example.com','273'),
('63','Salvador','Bartell','ubartell@example.com','5835158779'),
('64','Alize','Bergnaum','jaquan10@example.net','2444945459'),
('65','Beryl','Schinner','frami.vinnie@example.net','647'),
('66','Arnaldo','Ledner','dickinson.lillie@example.org','6592994752'),
('67','Amya','Armstrong','joany57@example.com','278149'),
('68','Jadyn','Bernier','shania.moen@example.net','237'),
('69','Violette','Lynch','clifford.bradtke@example.com','2531711452'),
('70','Angela','Becker','eharber@example.net','980063'),
('71','Samanta','Gaylord','jada.dooley@example.org','1'),
('72','Brody','Rippin','yspencer@example.org','1'),
('73','Edgardo','Daugherty','hettinger.tabitha@example.com','739'),
('74','Myron','Kessler','ruby12@example.com','740'),
('75','Joannie','Willms','river.koch@example.net','0'),
('76','Colt','Christiansen','boehm.jonatan@example.net','0'),
('77','Eliezer','Larkin','schroeder.brigitte@example.com','564'),
('78','Kacey','Strosin','collins.hosea@example.com','81'),
('79','Jackson','Stracke','ernser.zita@example.net','391490'),
('80','Walton','Gulgowski','xwest@example.com','91'),
('81','Billy','Rolfson','egrady@example.org','1'),
('82','Cindy','Olson','louvenia20@example.com','0'),
('83','Florencio','Mueller','elenora21@example.com','76'),
('84','Hanna','Haag','amira17@example.com','0'),
('85','Rylee','Bradtke','white.keagan@example.net','1'),
('86','Ubaldo','Schuster','mcdermott.stewart@example.com','6898525862'),
('87','Vicenta','Mertz','bryce.klein@example.net','0'),
('88','Magali','Bosco','fdonnelly@example.com','253'),
('89','Effie','Lehner','dejuan.ortiz@example.com','0'),
('90','Barton','Barton','graham.ari@example.com','742302'),
('91','Joaquin','Hintz','buckridge.jules@example.net','76'),
('92','Quincy','Rolfson','violet.stracke@example.org','0'),
('93','Coby','Russel','kbergstrom@example.org','214'),
('94','Anjali','Dach','odessa11@example.com','471996'),
('95','Korbin','Ritchie','zachary.hirthe@example.net','0'),
('96','Neal','Schultz','huels.tia@example.org','598'),
('97','Americo','Gulgowski','calista08@example.org','371'),
('98','Randi','Kirlin','wilson.krajcik@example.org','1'),
('99','Alana','Hayes','heidenreich.nola@example.org','183712'),
('100','Grover','Champlin','adriel.o\'conner@example.net','1'); 


DROP TABLE IF EXISTS `users_communities`;
CREATE TABLE `users_communities` (
  `user_id` bigint(20) unsigned NOT NULL,
  `community_id` bigint(20) unsigned NOT NULL,
  PRIMARY KEY (`user_id`,`community_id`),
  KEY `community_id` (`community_id`),
  CONSTRAINT `users_communities_ibfk_1` FOREIGN KEY (`user_id`) REFERENCES `users` (`id`),
  CONSTRAINT `users_communities_ibfk_2` FOREIGN KEY (`community_id`) REFERENCES `communities` (`id`)
) ENGINE=InnoDB DEFAULT CHARSET=utf8 COLLATE=utf8_unicode_ci;

INSERT INTO `users_communities` VALUES ('1','1'),
('2','2'),
('3','3'),
('4','4'),
('5','5'),
('6','6'),
('7','7'),
('8','8'),
('9','9'),
('10','10'),
('11','11'),
('12','12'),
('13','13'),
('14','14'),
('15','15'),
('16','16'),
('17','17'),
('18','18'),
('19','19'),
('20','20'),
('21','21'),
('22','22'),
('23','23'),
('24','24'),
('25','25'),
('26','26'),
('27','27'),
('28','28'),
('29','29'),
('30','30'),
('31','31'),
('32','32'),
('33','33'),
('34','34'),
('35','35'),
('36','36'),
('37','37'),
('38','38'),
('39','39'),
('40','40'),
('41','41'),
('42','42'),
('43','43'),
('44','44'),
('45','45'),
('46','46'),
('47','47'),
('48','48'),
('49','49'),
('50','50'),
('51','51'),
('52','52'),
('53','53'),
('54','54'),
('55','55'),
('56','56'),
('57','57'),
('58','58'),
('59','59'),
('60','60'),
('61','61'),
('62','62'),
('63','63'),
('64','64'),
('65','65'),
('66','66'),
('67','67'),
('68','68'),
('69','69'),
('70','70'),
('71','71'),
('72','72'),
('73','73'),
('74','74'),
('75','75'),
('76','76'),
('77','77'),
('78','78'),
('79','79'),
('80','80'),
('81','81'),
('82','82'),
('83','83'),
('84','84'),
('85','85'),
('86','86'),
('87','87'),
('88','88'),
('89','89'),
('90','90'),
('91','91'),
('92','92'),
('93','93'),
('94','94'),
('95','95'),
('96','96'),
('97','97'),
('98','98'),
('99','99'),
('100','100'); 




/*!40101 SET SQL_MODE=@OLD_SQL_MODE */;
/*!40014 SET FOREIGN_KEY_CHECKS=@OLD_FOREIGN_KEY_CHECKS */;
/*!40014 SET UNIQUE_CHECKS=@OLD_UNIQUE_CHECKS */;
/*!40101 SET CHARACTER_SET_CLIENT=@OLD_CHARACTER_SET_CLIENT */;
/*!40101 SET CHARACTER_SET_RESULTS=@OLD_CHARACTER_SET_RESULTS */;
/*!40101 SET COLLATION_CONNECTION=@OLD_COLLATION_CONNECTION */;
/*!40111 SET SQL_NOTES=@OLD_SQL_NOTES */;

